filepath,abs_filepath,raw_folder,filename,class_name,class_id,subject_id,session,scan,slice_idx,is_readable,quality_flag,quality_reasons,quality_score,sha256,exact_duplicate_group,phash,selection_score,selection_reason,subject_quota,scan_quota,slice_region,normalized_quality,filename_parse_failed,file_size,width,height,channels,read_error,mean_intensity,std_intensity,min_intensity,max_intensity,nonzero_ratio,foreground_ratio,sharpness,contrast,near_duplicate_group,selection_order,subject_gain,scan_gain,slice_gain,quality_pct,redundancy_penalty,adjacency_penalty,nearest_selected_phash_dist,class_rank
oasis_subset\non demented\OAS1_0117_MR2_mpr-4_146.jpg,C:\Users\bhuva\OneDrive\Documents\AD_staging-main\data\oasis_subset\non demented\OAS1_0117_MR2_mpr-4_146.jpg,non demented,OAS1_0117_MR2_mpr-4_146.jpg,Non Demented,0,OAS1_0117,MR2,mpr-4,146,True,False,,0.9043210241933896,2a3f976fc423a7d3a08fbabab000a1038b9f361a9d537bebeadc8a1ee5c6d926,,207c7c7c6c7c7c30,8.472000000768647,subject_quota=2; scan_quota=1 (MR2/mpr-4); slice_region=140-149; norm_quality=0.998; pick_round=2,2,1,140-149,0.9979917288982774,False,19494,496,248,3,,55.98670959472656,52.3232650756836,0.0,248.0,0.77940459157128,0.6570954734651405,362.3285217285156,52.3232650756836,,1,1.0,1.0,1.0,0.972,0.0,0.0,-1,1
oasis_subset\non demented\OAS1_0092_MR2_mpr-1_127.jpg,C:\Users\bhuva\OneDrive\Documents\AD_staging-main\data\oasis_subset\non demented\OAS1_0092_MR2_mpr-1_127.jpg,non demented,OAS1_0092_MR2_mpr-1_127.jpg,Non Demented,0,OAS1_0092,MR2,mpr-1,127,True,False,,0.8580676488812626,b0829961806e3bcc780cd153a15b94b1f353512a2ed758b66ebf8d951d42b295,,247e7e5e7c5c3c00,8.458198581941764,subject_quota=2; scan_quota=1 (MR2/mpr-1); slice_region=120-129; norm_quality=0.996; pick_round=1,2,1,120-129,0.99573056439856,False,19767,496,248,3,,56.915809631347656,49.17957305908203,0.0,253.0,0.7347001821019771,0.675370707596254,407.8389587402344,49.17957305908203,,2,1.0,1.0,1.0,0.96,0.0015011822567369917,0.0,10,2
oasis_subset\non demented\OAS1_0365_MR1_mpr-4_112.jpg,C:\Users\bhuva\OneDrive\Documents\AD_staging-main\data\oasis_subset\non demented\OAS1_0365_MR1_mpr-4_112.jpg,non demented,OAS1_0365_MR1_mpr-4_112.jpg,Non Demented,0,OAS1_0365,MR1,mpr-4,112,True,False,,0.8463526281794133,a3fa899822b60fb106fdad026f9ab373a0dd500b6a98564f197ced5f69a426a1,,3c4c6cf4f47c5838,8.45196695744874,subject_quota=2; scan_quota=1 (MR1/mpr-4); slice_region=110-119; norm_quality=0.995; pick_round=2,2,1,110-119,0.9951057689446908,False,17868,496,248,3,,45.095848083496094,51.47578048706055,0.0,255.0,0.6472180671175859,0.5750764177939646,393.9714660644531,51.47578048706055,,3,1.0,1.0,1.0,0.952,2.7535691114583473e-05,0.0,14,3
oasis_subset\non demented\OAS1_0199_MR1_mpr-1_140.jpg,C:\Users\bhuva\OneDrive\Documents\AD_staging-main\data\oasis_subset\non demented\OAS1_0199_MR1_mpr-1_140.jpg,non demented,OAS1_0199_MR1_mpr-1_140.jpg,Non Demented,0,OAS1_0199,MR1,mpr-1,140,True,False,,0.8516650223247704,121b167234163d1b49f2d23e1ff2c8dcb94ba0fb5279a641d7d78e62e013dd5d,,38747c7c5c7c7460,8.444630577123181,subject_quota=2; scan_quota=1 (MR1/mpr-1); slice_region=140-149; norm_quality=0.995; pick_round=2,2,1,140-149,0.9953586623426854,False,18276,496,248,3,,51.944297790527344,50.12228393554688,0.0,251.0,0.7187418704474505,0.6534859521331946,361.17779541015625,50.12228393554688,,4,1.0,1.0,0.9998766054240137,0.958,0.01098694263059318,0.0,8,4
oasis_subset\non demented\OAS1_0146_MR1_mpr-3_121.jpg,C:\Users\bhuva\OneDrive\Documents\AD_staging-main\data\oasis_subset\non demented\OAS1_0146_MR1_mpr-3_121.jpg,non demented,OAS1_0146_MR1_mpr-3_121.jpg,Non Demented,0,OAS1_0146,MR1,mpr-3,121,True,False,,0.8103942950152323,f4b4587ebbe713ea6521b3fb7c5c7f4b0686c3d7d66e9d118bb0992ca7354a43,,283c7474727e7c2c,8.40957079350839,subject_quota=2; scan_quota=1 (MR1/mpr-3); slice_region=120-129; norm_quality=0.992; pick_round=1,2,1,120-129,0.9915801374549998,False,16862,496,248,3,,46.09855270385742,51.288330078125,0.0,251.0,0.6797606659729448,0.5756129682622269,348.7414855957031,51.288330078125,,5,1.0,1.0,0.9998766038191819,0.91,0.00020342697805520653,0.0,12,5
oasis_subset\non demented\OAS1_0119_MR1_mpr-2_152.jpg,C:\Users\bhuva\OneDrive\Documents\AD_staging-main\data\oasis_subset\non demented\OAS1_0119_MR1_mpr-2_152.jpg,non demented,OAS1_0119_MR1_mpr-2_152.jpg,Non Demented,0,OAS1_0119,MR1,mpr-2,152,True,False,,0.8009350470145933,e4c46050dd3337622df05f45377b07d964c0694804fdf6d657b7bfcc8a8a5200,,103c7c7e7c7c3c18,8.380630577895321,subject_quota=2; scan_quota=1 (MR1/mpr-2); slice_region=150-160; norm_quality=0.990; pick_round=2,2,1,150-160,0.9901966618071464,False,17766,496,248,3,,57.96997833251953,55.49797821044922,0.0,248.0,0.7769819849115505,0.6066515998959418,283.0443420410156,55.49797821044922,,6,1.0,1.0,0.9998766054240135,0.894,0.01098694263059318,0.0,8,6
oasis_subset\non demented\OAS1_0009_MR1_mpr-3_106.jpg,C:\Users\bhuva\OneDrive\Documents\AD_staging-main\data\oasis_subset\non demented\OAS1_0009_MR1_mpr-3_106.jpg,non demented,OAS1_0009_MR1_mpr-3_106.jpg,Non Demented,0,OAS1_0009,MR1,mpr-3,106,True,False,,0.8155558667802135,9eec37ab731ec0fb34b8c3d8998fe51c2a46a80f4d8896c75f368ba7cc9eb533,,1c7c7c787c7c7c00,8.29234486333746,subject_quota=2; scan_quota=1 (MR1/mpr-3); slice_region=100-109; norm_quality=0.992; pick_round=1,2,1,100-109,0.9921751807443993,False,16437,496,248,3,,50.345489501953125,54.29595184326172,0.0,255.0,0.667883389698231,0.5705319979188346,309.67242431640625,54.29595184326172,,7,1.0,0.9428571428571428,0.9998766054240137,0.92,0.01098694263059318,0.0,8,7
oasis_subset\non demented\OAS1_0371_MR1_mpr-4_100.jpg,C:\Users\bhuva\OneDrive\Documents\AD_staging-main\data\oasis_subset\non demented\OAS1_0371_MR1_mpr-4_100.jpg,non demented,OAS1_0371_MR1_mpr-4_100.jpg,Non Demented,0,OAS1_0371,MR1,mpr-4,100,True,False,,0.793236387764141,47b50acfd84ef6e515836e95d2e8630079a3bb50352ec87cab3787f435fb7c36,,2c7c7c5c547c7c2c,8.270930743351078,subject_quota=2; scan_quota=1 (MR1/mpr-4); slice_region=100-109; norm_quality=0.989; pick_round=1,2,1,100-109,0.988917318734938,False,17889,496,248,3,,48.97992706298828,51.05592727661133,0.0,251.0,0.7220180801248699,0.6324547996878251,316.89599609375,51.05592727661133,,8,1.0,0.95,0.9998766054240135,0.876,0.004070137715896128,0.0,9,8
oasis_subset\non demented\OAS1_0061_MR2_mpr-2_130.jpg,C:\Users\bhuva\OneDrive\Documents\AD_staging-main\data\oasis_subset\non demented\OAS1_0061_MR2_mpr-2_130.jpg,non demented,OAS1_0061_MR2_mpr-2_130.jpg,Non Demented,0,OAS1_0061,MR2,mpr-2,130,True,False,,0.7909156855298604,bfb2af1a733003a9371e96906728e6bef529dc5026862aef7d9c10409507adf0,,005c7e7e7e7e5c08,8.226091635698246,subject_quota=2; scan_quota=1 (MR2/mpr-2); slice_region=130-139; norm_quality=0.989; pick_round=1,2,1,130-139,0.9885602927612984,False,19629,496,248,3,,55.46599578857422,46.72545623779297,0.0,246.0,0.7934931061394381,0.7014259235171696,350.7855834960937,46.72545623779297,,9,1.0,1.0,0.9046505337758179,0.874,0.004070137715896128,0.0,9,9
oasis_subset\non demented\OAS1_0019_MR1_mpr-1_135.jpg,C:\Users\bhuva\OneDrive\Documents\AD_staging-main\data\oasis_subset\non demented\OAS1_0019_MR1_mpr-1_135.jpg,non demented,OAS1_0019_MR1_mpr-1_135.jpg,Non Demented,0,OAS1_0019,MR1,mpr-1,135,True,False,,0.7632625354841226,bfd8d390bc6e76c6a3e40f820416a07e80887ae337fae0546f5368adf505dfd1,,28647e7c7c7e6428,8.209046413003461,subject_quota=2; scan_quota=1 (MR1/mpr-1); slice_region=130-139; norm_quality=0.981; pick_round=2,2,1,130-139,0.981285888548392,False,21610,496,248,3,,47.63881301879883,43.70960998535156,0.0,255.0,0.7696491285119667,0.7415046175858481,548.4879150390625,43.70960998535156,,10,1.0,0.96,0.9961538293372558,0.808,0.01098694263059318,0.0,8,10
oasis_subset\non demented\OAS1_0222_MR1_mpr-3_156.jpg,C:\Users\bhuva\OneDrive\Documents\AD_staging-main\data\oasis_subset\non demented\OAS1_0222_MR1_mpr-3_156.jpg,non demented,OAS1_0222_MR1_mpr-3_156.jpg,Non Demented,0,OAS1_0222,MR1,mpr-3,156,True,False,,0.7756048967420508,c73dc9ed24d182247f6f2ff203f1e4b3bb7a7ae05b7f69b7b10d02c75bf6f43a,,3c64745c7c743c3c,8.160681975225806,subject_quota=2; scan_quota=1 (MR1/mpr-3); slice_region=150-160; norm_quality=0.985; pick_round=2,2,1,150-160,0.9850346612716075,False,16955,496,248,3,,49.06380844116211,54.33614730834961,0.0,255.0,0.6772242455775234,0.5826450312174818,277.19317626953125,54.33614730834961,,11,1.0,0.9272727272727272,0.9820137900245155,0.838,0.004070137715896128,0.0,9,11
oasis_subset\non demented\OAS1_0368_MR2_mpr-2_117.jpg,C:\Users\bhuva\OneDrive\Documents\AD_staging-main\data\oasis_subset\non demented\OAS1_0368_MR2_mpr-2_117.jpg,non demented,OAS1_0368_MR2_mpr-2_117.jpg,Non Demented,0,OAS1_0368,MR2,mpr-2,117,True,False,,0.723195302295248,88c1995ab47e5b04e356a4d0b5c87fca89ffa4549e0192c76cee15247e59f815,,38583c7cfcfc3818,8.105765430494174,subject_quota=2; scan_quota=1 (MR2/mpr-2); slice_region=110-119; norm_quality=0.964; pick_round=1,2,1,110-119,0.9637618636755824,False,17406,496,248,3,,43.42942810058594,45.968257904052734,0.0,255.0,0.6727042143600416,0.6212278876170656,350.126708984375,45.968257904052734,,12,1.0,0.9666666666666667,0.9801556769714085,0.704,0.0015011822567369917,0.0,10,12
oasis_subset\non demented\OAS1_0063_MR1_mpr-1_160.jpg,C:\Users\bhuva\OneDrive\Documents\AD_staging-main\data\oasis_subset\non demented\OAS1_0063_MR1_mpr-1_160.jpg,non demented,OAS1_0063_MR1_mpr-1_160.jpg,Non Demented,0,OAS1_0063,MR1,mpr-1,160,True,False,,0.7512171564193482,d8bf8dd69e7509d4e4b4bfec4f502039bd30d7732db15a9824feee230af3a3cc,,30747e7c5c7e7408,8.050913783726372,subject_quota=2; scan_quota=1 (MR1/mpr-1); slice_region=150-160; norm_quality=0.977; pick_round=2,2,1,150-160,0.9774032310850614,False,18810,496,248,3,,54.875770568847656,47.59918594360352,0.0,252.0,0.772201808012487,0.7173761056191468,304.4936218261719,47.59918594360352,,13,1.0,0.9384615384615385,0.9820136815145026,0.792,0.07585818002124355,0.0,6,13
oasis_subset\non demented\OAS1_0234_MR1_mpr-2_109.jpg,C:\Users\bhuva\OneDrive\Documents\AD_staging-main\data\oasis_subset\non demented\OAS1_0234_MR1_mpr-2_109.jpg,non demented,OAS1_0234_MR1_mpr-2_109.jpg,Non Demented,0,OAS1_0234,MR1,mpr-2,109,True,False,,0.7863287339551347,ae294b653418c271616c922c37e4aea6ba102f4927d7c806eb8372f43623770b,,786c7c74747c6c38,8.036824794915223,subject_quota=2; scan_quota=1 (MR1/mpr-2); slice_region=100-109; norm_quality=0.988; pick_round=2,2,1,100-109,0.9875040909226146,False,16299,496,248,3,,43.83737564086914,52.80221939086914,0.0,254.0,0.6240651014568158,0.5434036810613944,323.58453369140625,52.80221939086914,,14,1.0,0.9714285714285714,0.8259012112668433,0.86,0.004070137715896128,0.0,9,14
oasis_subset\non demented\OAS1_0256_MR1_mpr-4_103.jpg,C:\Users\bhuva\OneDrive\Documents\AD_staging-main\data\oasis_subset\non demented\OAS1_0256_MR1_mpr-4_103.jpg,non demented,OAS1_0256_MR1_mpr-4_103.jpg,Non Demented,0,OAS1_0256,MR1,mpr-4,103,True,False,,0.8021497840204732,429c834be11d0b59c7c1569d822dec6889f54a67570fe8579f6dcab6d0032d77,,087cfc7474fc7828,8.023174844575378,subject_quota=2; scan_quota=1 (MR1/mpr-4); slice_region=100-109; norm_quality=0.990; pick_round=2,2,1,100-109,0.9904198030406712,False,17546,496,248,3,,45.60570907592773,48.32880783081055,0.0,255.0,0.667558207596254,0.6158542533818938,372.36273193359375,48.32880783081055,,15,1.0,0.9466666666666667,0.8258171171836006,0.896,0.004070137715896128,0.0,9,15
oasis_subset\non demented\OAS1_0317_MR1_mpr-1_123.jpg,C:\Users\bhuva\OneDrive\Documents\AD_staging-main\data\oasis_subset\non demented\OAS1_0317_MR1_mpr-1_123.jpg,non demented,OAS1_0317_MR1_mpr-1_123.jpg,Non Demented,0,OAS1_0317,MR1,mpr-1,123,True,False,,0.787593928760494,f2b6381f21305b3f1637d4f799f1cbb4db73d8b9425da2399826d546f3aa1286,,7878fce4e06c7858,7.795908899005745,subject_quota=2; scan_quota=1 (MR1/mpr-1); slice_region=120-129; norm_quality=0.988; pick_round=2,2,1,120-129,0.9878164886495492,False,17073,496,248,3,,41.70050811767578,48.463809967041016,0.0,255.0,0.6508844953173777,0.5877097424557752,371.82366943359375,48.463809967041016,,16,1.0,0.925,0.7213324756544824,0.864,7.484622751061123e-05,0.0,13,16
oasis_subset\non demented\OAS1_0372_MR1_mpr-2_115.jpg,C:\Users\bhuva\OneDrive\Documents\AD_staging-main\data\oasis_subset\non demented\OAS1_0372_MR1_mpr-2_115.jpg,non demented,OAS1_0372_MR1_mpr-2_115.jpg,Non Demented,0,OAS1_0372,MR1,mpr-2,115,True,False,,0.7487519097526918,3a9ff2e650b35bd82715c0fec435d929aef93119ae91ff4ca767e6f0126275d8,,307c7c7c787c4c68,7.694664727874238,subject_quota=2; scan_quota=1 (MR1/mpr-2); slice_region=110-119; norm_quality=0.976; pick_round=1,2,1,110-119,0.9763767814108476,False,17266,496,248,3,,51.250770568847656,48.85476303100586,0.0,255.0,0.7315865634755463,0.6512828433922997,311.8457946777344,48.85476303100586,,17,1.0,0.9529411764705882,0.678644470344877,0.784,0.01098694263059318,0.0,8,17
oasis_subset\non demented\OAS1_0350_MR1_mpr-4_142.jpg,C:\Users\bhuva\OneDrive\Documents\AD_staging-main\data\oasis_subset\non demented\OAS1_0350_MR1_mpr-4_142.jpg,non demented,OAS1_0350_MR1_mpr-4_142.jpg,Non Demented,0,OAS1_0350,MR1,mpr-4,142,True,True,extremely_bright,0.9605442807015504,9ec0a0318a3671d271fc481b11c4d694e9e590f69fb994676b48442309da8a8e,,083c7e7cfe7e3c00,7.631577376723395,subject_quota=2; scan_quota=1 (MR1/mpr-4); slice_region=140-149; norm_quality=0.999; pick_round=1,2,1,140-149,0.9992561958882508,False,20307,496,248,3,,63.58481597900391,53.22264862060547,0.0,251.0,0.8040696540062435,0.6962799167533819,372.5807189941406,53.22264862060547,,18,1.0,0.9333333333333333,0.7213966940199376,0.996,0.01098694263059318,0.0,8,18
oasis_subset\non demented\OAS1_0043_MR1_mpr-2_138.jpg,C:\Users\bhuva\OneDrive\Documents\AD_staging-main\data\oasis_subset\non demented\OAS1_0043_MR1_mpr-2_138.jpg,non demented,OAS1_0043_MR1_mpr-2_138.jpg,Non Demented,0,OAS1_0043,MR1,mpr-2,138,True,False,,0.7696535604530419,64043b8588ff8b2c0af7d875e604a2609f023b20aa3d66b7193784242b9e4574,,007c7e7c7e7e7420,7.61828961984652,subject_quota=2; scan_quota=1 (MR1/mpr-2); slice_region=130-139; norm_quality=0.983; pick_round=2,2,1,130-139,0.9833090357323496,False,19221,496,248,3,,51.14647674560547,45.98487091064453,0.0,255.0,0.7719660509885536,0.6937434963579605,350.7252502441406,45.98487091064453,,19,1.0,0.9368421052631579,0.6704234831205634,0.83,0.07585818002124355,0.0,6,19
oasis_subset\non demented\OAS1_0310_MR1_mpr-4_133.jpg,C:\Users\bhuva\OneDrive\Documents\AD_staging-main\data\oasis_subset\non demented\OAS1_0310_MR1_mpr-4_133.jpg,non demented,OAS1_0310_MR1_mpr-4_133.jpg,Non Demented,0,OAS1_0310,MR1,mpr-4,133,True,False,,0.7287925140899214,7777e066956190b537b26f9dea768b065c0adee143a7f71ae6dffe81e3660c95,,384c767c747e4c38,7.543541963931152,subject_quota=2; scan_quota=1 (MR1/mpr-4); slice_region=130-139; norm_quality=0.967; pick_round=1,2,1,130-139,0.966781708369284,False,16574,496,248,3,,43.94748306274414,50.58247375488281,0.0,255.0,0.6528762356919875,0.5706132934443289,306.54351806640625,50.58247375488281,,20,1.0,0.92,0.6778110936916136,0.722,0.02931223075135632,0.0,7,20
oasis_subset\non demented\OAS1_0197_MR1_mpr-4_120.jpg,C:\Users\bhuva\OneDrive\Documents\AD_staging-main\data\oasis_subset\non demented\OAS1_0197_MR1_mpr-4_120.jpg,non demented,OAS1_0197_MR1_mpr-4_120.jpg,Non Demented,0,OAS1_0197,MR1,mpr-4,120,True,False,,0.8069478180565095,4d96d9e65419ea3f085ecdc4ca30663e64ad99cd0e3463a4c7b2e7d23c759508,,386c7c7c764c7c18,7.433537157747985,subject_quota=2; scan_quota=1 (MR1/mpr-4); slice_region=120-129; norm_quality=0.991; pick_round=2,2,1,120-129,0.9910743506590104,False,17227,496,248,3,,46.285526275634766,55.980506896972656,0.0,255.0,0.7535770031217481,0.5050159339229969,329.5998840332031,55.980506896972656,,21,1.0,0.9047619047619048,0.5021253499864203,0.906,0.02931223075135632,0.0,7,21
oasis_subset\non demented\OAS1_0139_MR1_mpr-2_106.jpg,C:\Users\bhuva\OneDrive\Documents\AD_staging-main\data\oasis_subset\non demented\OAS1_0139_MR1_mpr-2_106.jpg,non demented,OAS1_0139_MR1_mpr-2_106.jpg,Non Demented,0,OAS1_0139,MR1,mpr-2,106,True,False,,0.7887320108488807,0ef19896ec4ea2e51e2b53a145444cdf50280fc8dd205b1725a1f08e8a3fe0db,,3c7476665476742c,7.401156197646338,subject_quota=2; scan_quota=1 (MR1/mpr-2); slice_region=100-109; norm_quality=0.988; pick_round=1,2,1,100-109,0.988084258129779,False,17693,496,248,3,,50.8061408996582,51.689395904541016,0.0,249.0,0.7393502861602498,0.630853277835588,305.13653564453125,51.689395904541016,,22,1.0,0.9272727272727272,0.4522747740246366,0.87,0.0015011822567369917,0.0,10,22
oasis_subset\non demented\OAS1_0170_MR1_mpr-2_158.jpg,C:\Users\bhuva\OneDrive\Documents\AD_staging-main\data\oasis_subset\non demented\OAS1_0170_MR1_mpr-2_158.jpg,non demented,OAS1_0170_MR1_mpr-2_158.jpg,Non Demented,0,OAS1_0170,MR1,mpr-2,158,True,False,,0.7146816891201393,14c3e05d128ee72f273d48471a6ff7b87be59a026ccf26d69b5b5009d5577420,,2078fcececfc7820,7.359016515361524,subject_quota=2; scan_quota=1 (MR1/mpr-2); slice_region=150-160; norm_quality=0.958; pick_round=2,2,1,150-160,0.9584808544821636,False,17200,496,248,3,,48.42036437988281,49.75181198120117,0.0,246.0,0.6929468002081165,0.6043021592091571,295.3127136230469,49.75181198120117,,23,1.0,0.9130434782608696,0.5760759266477575,0.682,0.01098694263059318,0.0,8,23
oasis_subset\non demented\OAS1_0204_MR1_mpr-4_110.jpg,C:\Users\bhuva\OneDrive\Documents\AD_staging-main\data\oasis_subset\non demented\OAS1_0204_MR1_mpr-4_110.jpg,non demented,OAS1_0204_MR1_mpr-4_110.jpg,Non Demented,0,OAS1_0204,MR1,mpr-4,110,True,False,,0.7978438581642245,6afe2de367f7c5ca5f55a681f2893a715394be46eb770298d1463eef31e0db1e,,38787cf450fc7858,7.357235508094233,subject_quota=2; scan_quota=1 (MR1/mpr-4); slice_region=110-119; norm_quality=0.990; pick_round=1,2,1,110-119,0.989690875011157,False,17039,496,248,3,,46.45998001098633,51.11464309692383,0.0,248.0,0.6464213709677419,0.5832791363163371,339.6895446777344,51.11464309692383,,24,1.0,0.9,0.4576132257134868,0.884,0.01098694263059318,0.0,8,24
oasis_subset\non demented\OAS1_0319_MR1_mpr-1_118.jpg,C:\Users\bhuva\OneDrive\Documents\AD_staging-main\data\oasis_subset\non demented\OAS1_0319_MR1_mpr-1_118.jpg,non demented,OAS1_0319_MR1_mpr-1_118.jpg,Non Demented,0,OAS1_0319,MR1,mpr-1,118,True,False,,0.7693587320329488,5b7d01acca122b782acb2c578455e6436b80c7429f13a2d4034f4b42f851c96b,,1c6c7e70707e7c2c,7.330834945604067,subject_quota=2; scan_quota=1 (MR1/mpr-1); slice_region=110-119; norm_quality=0.983; pick_round=2,2,1,110-119,0.9832049031567046,False,17285,496,248,3,,48.30144500732422,50.55923843383789,0.0,249.0,0.6884186394380853,0.6096270161290323,317.79473876953125,50.55923843383789,,25,1.0,0.9359999999999999,0.4238127405044818,0.828,0.004070137715896128,0.0,9,25
oasis_subset\non demented\OAS1_0130_MR1_mpr-2_100.jpg,C:\Users\bhuva\OneDrive\Documents\AD_staging-main\data\oasis_subset\non demented\OAS1_0130_MR1_mpr-2_100.jpg,non demented,OAS1_0130_MR1_mpr-2_100.jpg,Non Demented,0,OAS1_0130,MR1,mpr-2,100,True,False,,0.7652602773788633,eba454e9ffe480d21ef6a3bb70a62b50cca9e7fca8cb48165e2fc259b2fc975f,,3c4c7c72f07c4c3c,7.328570725105495,subject_quota=2; scan_quota=1 (MR1/mpr-2); slice_region=100-109; norm_quality=0.982; pick_round=2,2,1,100-109,0.9819255600844962,False,16508,496,248,3,,44.108211517333984,52.96955108642578,0.0,255.0,0.6436329344432883,0.5404282648283039,308.2036437988281,52.96955108642578,,26,1.0,0.9076923076923077,0.4749136266276985,0.814,0.01098694263059318,0.0,8,26
oasis_subset\non demented\OAS1_0381_MR1_mpr-1_140.jpg,C:\Users\bhuva\OneDrive\Documents\AD_staging-main\data\oasis_subset\non demented\OAS1_0381_MR1_mpr-1_140.jpg,non demented,OAS1_0381_MR1_mpr-1_140.jpg,Non Demented,0,OAS1_0381,MR1,mpr-1,140,True,False,,0.8065140883566252,2769878eb932ee961135b8b31cc265b7a9890e1828433bebe581b472fdb36a08,,007cf4dcd4f47c58,7.301489394766019,subject_quota=2; scan_quota=1 (MR1/mpr-1); slice_region=140-149; norm_quality=0.991; pick_round=2,2,1,140-149,0.9910297224123056,False,18499,496,248,3,,50.9732780456543,47.05125045776367,0.0,253.0,0.7377081165452654,0.6682004422476587,371.6444396972656,47.05125045776367,,27,1.0,0.9259259259259259,0.3652544366181172,0.902,0.00020342697805520653,0.0,12,27
oasis_subset\non demented\OAS1_0017_MR1_mpr-3_126.jpg,C:\Users\bhuva\OneDrive\Documents\AD_staging-main\data\oasis_subset\non demented\OAS1_0017_MR1_mpr-3_126.jpg,non demented,OAS1_0017_MR1_mpr-3_126.jpg,Non Demented,0,OAS1_0017,MR1,mpr-3,126,True,False,,0.7511639650709989,22e21d0b0ab68368f062a550bac59b67f9455ecee79229076017ef8e953d8cc7,,083c7e76767e3c08,7.272952610361421,subject_quota=2; scan_quota=1 (MR1/mpr-3); slice_region=120-129; norm_quality=0.977; pick_round=1,2,1,120-129,0.9773586028383564,False,19079,496,248,3,,45.74443054199219,43.89192962646485,0.0,255.0,0.7442524063475546,0.6915322580645161,372.8286743164063,43.89192962646485,,28,1.0,0.9571428571428572,0.5250516829657966,0.79,0.18242552380635635,0.0,5,28
oasis_subset\non demented\OAS1_0189_MR1_mpr-4_150.jpg,C:\Users\bhuva\OneDrive\Documents\AD_staging-main\data\oasis_subset\non demented\OAS1_0189_MR1_mpr-4_150.jpg,non demented,OAS1_0189_MR1_mpr-4_150.jpg,Non Demented,0,OAS1_0189,MR1,mpr-4,150,True,False,,0.6906363574537386,a32d99707ad7d32fc4d8d0e05cf641a177a84bdd7489ccef8c4f1cbd326a3b89,,003c7c7e7e7c7c20,7.255988196020877,subject_quota=2; scan_quota=1 (MR1/mpr-4); slice_region=150-160; norm_quality=0.940; pick_round=1,2,1,150-160,0.940094016839725,False,18260,496,248,3,,55.46525573730469,47.34019088745117,0.0,255.0,0.782087343912591,0.7076612903225806,271.7421264648437,47.34019088745117,,29,1.0,0.903448275862069,0.7213348483267878,0.586,0.18242552380635635,0.0,5,29
oasis_subset\non demented\OAS1_0203_MR1_mpr-1_103.jpg,C:\Users\bhuva\OneDrive\Documents\AD_staging-main\data\oasis_subset\non demented\OAS1_0203_MR1_mpr-1_103.jpg,non demented,OAS1_0203_MR1_mpr-1_103.jpg,Non Demented,0,OAS1_0203,MR1,mpr-1,103,True,False,,0.7670818954487547,0bef0a4e3293a6fc586141163966a69123c2c2c333ad0e8435724d23f0263e2d,,187c7c6c547c7c38,7.246218500160369,subject_quota=2; scan_quota=1 (MR1/mpr-1); slice_region=100-109; norm_quality=0.983; pick_round=1,2,1,100-109,0.9825354794561304,False,17582,496,248,3,,48.48707580566406,51.3629035949707,0.0,255.0,0.7342855749219563,0.6005381763787722,308.13555908203125,51.3629035949707,,30,1.0,0.92,0.4129287845915699,0.822,0.02931223075135632,0.0,7,30
oasis_subset\non demented\OAS1_0167_MR1_mpr-3_113.jpg,C:\Users\bhuva\OneDrive\Documents\AD_staging-main\data\oasis_subset\non demented\OAS1_0167_MR1_mpr-3_113.jpg,non demented,OAS1_0167_MR1_mpr-3_113.jpg,Non Demented,0,OAS1_0167,MR1,mpr-3,113,True,False,,0.7416375943838586,ec82db02d351d3eede9cb1283f0a08b931efaa35fba1c3134b817ae7d6d5c3b3,,2c747c5c7c7c7438,7.23257872680839,subject_quota=2; scan_quota=1 (MR1/mpr-3); slice_region=110-119; norm_quality=0.973; pick_round=2,2,1,110-119,0.9732974323882062,False,16901,496,248,3,,50.367862701416016,51.01338195800781,0.0,251.0,0.689134040062435,0.6219270291363164,287.2992858886719,51.01338195800781,,31,1.0,0.9483870967741935,0.4365562325312738,0.772,0.07585818002124355,0.0,6,31
oasis_subset\non demented\OAS1_0369_MR1_mpr-1_154.jpg,C:\Users\bhuva\OneDrive\Documents\AD_staging-main\data\oasis_subset\non demented\OAS1_0369_MR1_mpr-1_154.jpg,non demented,OAS1_0369_MR1_mpr-1_154.jpg,Non Demented,0,OAS1_0369,MR1,mpr-1,154,True,False,,0.7062084071389343,155fe349cf7f3aa9a0aa7020c03757665757f2d135b44b003de290099a817645,,30787c6c7c7c6c38,7.224225993015309,subject_quota=2; scan_quota=1 (MR1/mpr-1); slice_region=150-160; norm_quality=0.952; pick_round=1,2,1,150-160,0.9524411650947606,False,16188,496,248,3,,49.65314483642578,52.74273681640625,0.0,255.0,0.7273917143600416,0.5973026144640999,248.14259338378903,52.74273681640625,,32,1.0,0.9125,0.5641705392154479,0.644,0.07585818002124355,0.0,6,32
oasis_subset\non demented\OAS1_0069_MR1_mpr-1_137.jpg,C:\Users\bhuva\OneDrive\Documents\AD_staging-main\data\oasis_subset\non demented\OAS1_0069_MR1_mpr-1_137.jpg,non demented,OAS1_0069_MR1_mpr-1_137.jpg,Non Demented,0,OAS1_0069,MR1,mpr-1,137,True,False,,0.7437303786959858,04479399e4a56b507f584692d30193833e81a407092cb28f0392af7342914b06,,08747e7c3c7e7e08,7.175739845973946,subject_quota=2; scan_quota=1 (MR1/mpr-1); slice_region=130-139; norm_quality=0.974; pick_round=2,2,1,130-139,0.97432388206242,False,19652,496,248,3,,51.034305572509766,43.094364166259766,0.0,251.0,0.7893145161290323,0.712173191987513,368.5357360839844,43.094364166259766,,33,1.0,0.9030303030303031,0.4205692773950718,0.774,0.02931223075135632,0.0,7,33
oasis_subset\non demented\OAS1_0121_MR1_mpr-4_132.jpg,C:\Users\bhuva\OneDrive\Documents\AD_staging-main\data\oasis_subset\non demented\OAS1_0121_MR1_mpr-4_132.jpg,non demented,OAS1_0121_MR1_mpr-4_132.jpg,Non Demented,0,OAS1_0121,MR1,mpr-4,132,True,True,extremely_bright,0.8906627927076884,920fc167bc23b28b8e34675d600e75048e833c82684ab44037d3a2531f690e24,,00103c7e7e7e3e3c,7.140801676857972,subject_quota=2; scan_quota=1 (MR1/mpr-4); slice_region=130-139; norm_quality=0.997; pick_round=1,2,1,130-139,0.997441313855583,False,18730,496,248,3,,62.87323760986328,60.69024658203125,0.0,248.0,0.7205872788761707,0.623422866805411,336.2527160644531,60.69024658203125,,34,1.0,0.9058823529411765,0.44322559309752696,0.966,0.0015011822567369917,0.0,10,34
oasis_subset\non demented\OAS1_0135_MR1_mpr-1_121.jpg,C:\Users\bhuva\OneDrive\Documents\AD_staging-main\data\oasis_subset\non demented\OAS1_0135_MR1_mpr-1_121.jpg,non demented,OAS1_0135_MR1_mpr-1_121.jpg,Non Demented,0,OAS1_0135,MR1,mpr-1,121,True,False,,0.8044185813163984,eecf2a734ae1c48aff7f1aa7959ed0e08b8ad654562887ba0f77c23de0984af6,,2c74765456767c38,7.139456396921114,subject_quota=2; scan_quota=1 (MR1/mpr-1); slice_region=120-129; norm_quality=0.991; pick_round=1,2,1,120-129,0.9908065811787808,False,18256,496,248,3,,55.112064361572266,51.23746490478516,0.0,255.0,0.742813475546306,0.6624609781477627,309.152587890625,51.23746490478516,,35,1.0,0.8971428571428571,0.3055700086008791,0.9,0.01098694263059318,0.0,8,35
oasis_subset\non demented\OAS1_0235_MR1_mpr-3_146.jpg,C:\Users\bhuva\OneDrive\Documents\AD_staging-main\data\oasis_subset\non demented\OAS1_0235_MR1_mpr-3_146.jpg,non demented,OAS1_0235_MR1_mpr-3_146.jpg,Non Demented,0,OAS1_0235,MR1,mpr-3,146,True,False,,0.8932441190321103,57d9c2c004e01e694323157a523aaa3992bf3c0c95aab3b22b560bb458503781,,30787c7c7c7c7c20,7.1402164849362055,subject_quota=2; scan_quota=1 (MR1/mpr-3); slice_region=140-149; norm_quality=0.998; pick_round=1,2,1,140-149,0.9975603225134628,False,18023,496,248,3,,58.40297317504883,60.26032257080078,0.0,254.0,0.6969546696149844,0.5613293444328824,363.9624328613281,60.26032257080078,,36,1.0,0.9444444444444444,0.49091759882579944,0.968,0.3775406687981454,0.0,4,36
oasis_subset\non demented\OAS1_0037_MR1_mpr-3_109.jpg,C:\Users\bhuva\OneDrive\Documents\AD_staging-main\data\oasis_subset\non demented\OAS1_0037_MR1_mpr-3_109.jpg,non demented,OAS1_0037_MR1_mpr-3_109.jpg,Non Demented,0,OAS1_0037,MR1,mpr-3,109,True,False,,0.7670003912064237,24477425974d5b8c24c3fbc6f8925472d3ace320ea3e8a359ba7319ed7353a52,,087c7cfc7c7c7808,7.080984840662433,subject_quota=2; scan_quota=1 (MR1/mpr-3); slice_region=100-109; norm_quality=0.982; pick_round=1,2,1,100-109,0.9824908512094256,False,16093,496,248,3,,45.87558364868164,53.87431716918945,0.0,255.0,0.6256422346514048,0.5465985952133194,293.35565185546875,53.87431716918945,,37,1.0,0.9351351351351351,0.32116292402011776,0.82,0.07585818002124355,0.0,6,37
oasis_subset\non demented\OAS1_0326_MR1_mpr-2_101.jpg,C:\Users\bhuva\OneDrive\Documents\AD_staging-main\data\oasis_subset\non demented\OAS1_0326_MR1_mpr-2_101.jpg,non demented,OAS1_0326_MR1_mpr-2_101.jpg,Non Demented,0,OAS1_0326,MR1,mpr-2,101,True,False,,0.7577886467438144,37900a8d5ea95f4bd0eb384c222deb67d19f42a0fc6fef9bf4891f4bdfe59f58,,3c3c7c74747c3c1c,7.072385381859658,subject_quota=2; scan_quota=1 (MR1/mpr-2); slice_region=100-109; norm_quality=0.980; pick_round=2,2,1,100-109,0.9797834042426586,False,17238,496,248,3,,48.94339370727539,53.01919555664063,0.0,255.0,0.7465449401664932,0.5900917013527576,281.67462158203125,53.01919555664063,,38,1.0,0.9263157894736842,0.30328565269143287,0.8,0.02931223075135632,0.0,7,38
oasis_subset\non demented\OAS1_0266_MR1_mpr-3_124.jpg,C:\Users\bhuva\OneDrive\Documents\AD_staging-main\data\oasis_subset\non demented\OAS1_0266_MR1_mpr-3_124.jpg,non demented,OAS1_0266_MR1_mpr-3_124.jpg,Non Demented,0,OAS1_0266,MR1,mpr-3,124,True,False,,0.6960984687851314,24a8cfe010beaa7526fc57194247d54ecaac7fccae4bf2e398ffb478f0a79428,,10607cfcdcfc7438,7.061095274385023,subject_quota=2; scan_quota=1 (MR1/mpr-3); slice_region=120-129; norm_quality=0.944; pick_round=2,2,1,120-129,0.94449733718128,False,18722,496,248,3,,55.51055908203125,45.17570495605469,0.0,255.0,0.807614138917794,0.7032713319458896,309.384521484375,45.17570495605469,,39,1.0,0.9282051282051282,0.40299095741193314,0.602,0.0015011822567369917,0.0,10,39
oasis_subset\non demented\OAS1_0342_MR1_mpr-4_115.jpg,C:\Users\bhuva\OneDrive\Documents\AD_staging-main\data\oasis_subset\non demented\OAS1_0342_MR1_mpr-4_115.jpg,non demented,OAS1_0342_MR1_mpr-4_115.jpg,Non Demented,0,OAS1_0342,MR1,mpr-4,115,True,False,,0.7568755157545549,dfb60d05e8ca2f080b2157890b6d9e6d0d7dc67435f4182d8e895613ade59396,,287c7e74707c7c28,7.0332876139911775,subject_quota=2; scan_quota=1 (MR1/mpr-4); slice_region=110-119; norm_quality=0.979; pick_round=1,2,1,110-119,0.979485882597959,False,16583,496,248,3,,49.38164138793945,52.83475875854492,0.0,251.0,0.6987838189386056,0.5827263267429761,286.8817138671875,52.83475875854492,,40,1.0,0.91,0.33887828618803223,0.796,0.07585818002124355,0.0,6,40
oasis_subset\non demented\OAS1_0206_MR1_mpr-2_112.jpg,C:\Users\bhuva\OneDrive\Documents\AD_staging-main\data\oasis_subset\non demented\OAS1_0206_MR1_mpr-2_112.jpg,non demented,OAS1_0206_MR1_mpr-2_112.jpg,Non Demented,0,OAS1_0206,MR1,mpr-2,112,True,False,,0.7355834153528479,8a5b3be81b9b1a247008431b50b03c557769b964c94a36762675dafc961720f5,,186c4e7c787e4c3c,7.00281816803861,subject_quota=2; scan_quota=1 (MR1/mpr-2); slice_region=110-119; norm_quality=0.971; pick_round=2,2,1,110-119,0.9705156050102643,False,16670,496,248,3,,44.298248291015625,52.986106872558594,0.0,249.0,0.682727952653486,0.5360301768990635,289.8788452148437,52.986106872558594,,41,1.0,0.9219512195121952,0.2800667065686273,0.752,0.01098694263059318,0.0,8,41
oasis_subset\non demented\OAS1_0338_MR1_mpr-4_151.jpg,C:\Users\bhuva\OneDrive\Documents\AD_staging-main\data\oasis_subset\non demented\OAS1_0338_MR1_mpr-4_151.jpg,non demented,OAS1_0338_MR1_mpr-4_151.jpg,Non Demented,0,OAS1_0338,MR1,mpr-4,151,True,False,,0.7161781433721783,e4962f45429c49add82f68730de691bb507e63f2849a3f37b98c072fe01dad4b,,38647c7c6c7c7c28,6.9665449974698985,subject_quota=2; scan_quota=1 (MR1/mpr-4); slice_region=150-160; norm_quality=0.959; pick_round=2,2,1,150-160,0.9594477998274374,False,18103,496,248,3,,47.50395965576172,46.050811767578125,0.0,253.0,0.7327653485952134,0.6514860822060354,331.5323486328125,46.050811767578125,,42,1.0,0.9047619047619048,0.37470066923110484,0.686,0.07585818002124355,0.0,6,42
oasis_subset\non demented\OAS1_0010_MR1_mpr-3_134.jpg,C:\Users\bhuva\OneDrive\Documents\AD_staging-main\data\oasis_subset\non demented\OAS1_0010_MR1_mpr-3_134.jpg,non demented,OAS1_0010_MR1_mpr-3_134.jpg,Non Demented,0,OAS1_0010,MR1,mpr-3,134,True,False,,0.7162312712248344,d7ccb83dc66c34e2521314b18fcaf2403cac6d14ce576ffccc3d7d5ded94cb2b,,387c7c7450747c78,6.937088553937778,subject_quota=2; scan_quota=1 (MR1/mpr-3); slice_region=130-139; norm_quality=0.959; pick_round=1,2,1,130-139,0.9594924280741424,False,17501,496,248,3,,43.78211975097656,46.09900665283203,0.0,255.0,0.6951499089490114,0.6137812174817898,346.6264038085937,46.09900665283203,,43,1.0,0.9255813953488372,0.32597038602557127,0.688,0.07585818002124355,0.0,6,43
oasis_subset\non demented\OAS1_0260_MR1_mpr-1_144.jpg,C:\Users\bhuva\OneDrive\Documents\AD_staging-main\data\oasis_subset\non demented\OAS1_0260_MR1_mpr-1_144.jpg,non demented,OAS1_0260_MR1_mpr-1_144.jpg,Non Demented,0,OAS1_0260,MR1,mpr-1,144,True,False,,0.790175984840195,d5ec6a5afe6ed6b2aff995a12d9d85a9e0b6e08315cf21b545e588bd29a274d6,,0c3c7c7c747c7c2c,6.937895317937557,subject_quota=2; scan_quota=1 (MR1/mpr-1); slice_region=140-149; norm_quality=0.988; pick_round=1,2,1,140-149,0.9883669036922436,False,18476,496,248,3,,46.0433464050293,47.40070343017578,0.0,252.0,0.7508779916753382,0.6295850676378772,371.4489440917969,47.40070343017578,,44,1.0,0.9090909090909091,0.4671748676750867,0.872,0.3775406687981454,0.0,4,44
oasis_subset\non demented\OAS1_0284_MR1_mpr-4_102.jpg,C:\Users\bhuva\OneDrive\Documents\AD_staging-main\data\oasis_subset\non demented\OAS1_0284_MR1_mpr-4_102.jpg,non demented,OAS1_0284_MR1_mpr-4_102.jpg,Non Demented,0,OAS1_0284,MR1,mpr-4,102,True,False,,0.7479631026609257,5e72c517d379a84749c50a000e3eaf8fb9fe32bbef434f68e2784c887d2aca4d,,2c6c66587c7e3c2c,6.936330012243639,subject_quota=2; scan_quota=1 (MR1/mpr-4); slice_region=100-109; norm_quality=0.976; pick_round=2,2,1,100-109,0.976064383683913,False,17060,496,248,3,,46.528079986572266,50.79513168334961,0.0,250.0,0.7070678329864725,0.5897990374609782,308.2265625,50.79513168334961,,45,1.0,0.9022222222222223,0.24337993245691456,0.78,0.01098694263059318,0.0,8,45
oasis_subset\non demented\OAS1_0354_MR1_mpr-2_106.jpg,C:\Users\bhuva\OneDrive\Documents\AD_staging-main\data\oasis_subset\non demented\OAS1_0354_MR1_mpr-2_106.jpg,non demented,OAS1_0354_MR1_mpr-2_106.jpg,Non Demented,0,OAS1_0354,MR1,mpr-2,106,True,False,,0.7143956825112614,d6c3490710e9c6587855c8b28ed1f363dc1ab5260cd9add4467438189aba4ea5,,784c7cf8786c6c38,6.921747284742195,subject_quota=2; scan_quota=1 (MR1/mpr-2); slice_region=100-109; norm_quality=0.958; pick_round=1,2,1,100-109,0.9582874654131088,False,17381,496,248,3,,44.08950805664063,48.8114013671875,0.0,255.0,0.6852399843912591,0.5923517169614985,314.0841064453125,48.8114013671875,,46,1.0,0.9217391304347826,0.2889624667585661,0.68,0.02931223075135632,0.0,7,46
oasis_subset\non demented\OAS1_0285_MR2_mpr-4_153.jpg,C:\Users\bhuva\OneDrive\Documents\AD_staging-main\data\oasis_subset\non demented\OAS1_0285_MR2_mpr-4_153.jpg,non demented,OAS1_0285_MR2_mpr-4_153.jpg,Non Demented,0,OAS1_0285,MR2,mpr-4,153,True,False,,0.7969670632174608,fd687359e80a702c401ad0f883bde787e867f7b413eff48fcc646b614628b9c3,,2078fc7c7c7c7830,6.887907233209367,subject_quota=2; scan_quota=1 (MR2/mpr-4); slice_region=150-160; norm_quality=0.990; pick_round=2,2,1,150-160,0.9895718663532772,False,17590,496,248,3,,55.87548065185547,53.48772811889648,0.0,255.0,0.7232456425598335,0.6026925078043704,295.74224853515625,53.48772811889648,,47,1.0,0.9914893617021276,0.318651541365631,0.88,0.3775406687981454,0.0,4,47
oasis_subset\non demented\OAS1_0378_MR1_mpr-2_110.jpg,C:\Users\bhuva\OneDrive\Documents\AD_staging-main\data\oasis_subset\non demented\OAS1_0378_MR1_mpr-2_110.jpg,non demented,OAS1_0378_MR1_mpr-2_110.jpg,Non Demented,0,OAS1_0378,MR1,mpr-2,110,True,False,,0.7613275656827649,d3f04ede26bbb872d99bbfa05149b05a9d321b538e3ef70de5d9958cb9bb0e87,,3c5c7cfc707c4838,6.882808818833173,subject_quota=2; scan_quota=1 (MR1/mpr-2); slice_region=110-119; norm_quality=0.981; pick_round=2,2,1,110-119,0.9808247299991074,False,16139,496,248,3,,44.29576110839844,51.23802947998047,0.0,255.0,0.6463969823100937,0.5762552029136316,316.2864074707031,51.23802947998047,,48,1.0,0.9166666666666666,0.22433686739594186,0.804,0.07585818002124355,0.0,6,48
oasis_subset\non demented\OAS1_0331_MR1_mpr-1_123.jpg,C:\Users\bhuva\OneDrive\Documents\AD_staging-main\data\oasis_subset\non demented\OAS1_0331_MR1_mpr-1_123.jpg,non demented,OAS1_0331_MR1_mpr-1_123.jpg,Non Demented,0,OAS1_0331,MR1,mpr-1,123,True,False,,0.711378660848227,fb258a2fc802f49f85e1e9310c97dd01493f8f028e76012d10b72315f99e31ad,,2c347e7c3e7e3428,6.847689191961462,subject_quota=2; scan_quota=1 (MR1/mpr-1); slice_region=120-129; norm_quality=0.956; pick_round=1,2,1,120-129,0.9561304334890364,False,16945,496,248,3,,51.30539321899414,51.875732421875,0.0,255.0,0.7438377991675338,0.6138543834547346,257.5621643066406,51.875732421875,,49,1.0,0.9102040816326531,0.26697046986420164,0.662,0.02931223075135632,0.0,7,49
oasis_subset\non demented\OAS1_0279_MR1_mpr-4_108.jpg,C:\Users\bhuva\OneDrive\Documents\AD_staging-main\data\oasis_subset\non demented\OAS1_0279_MR1_mpr-4_108.jpg,non demented,OAS1_0279_MR1_mpr-4_108.jpg,Non Demented,0,OAS1_0279,MR1,mpr-4,108,True,False,,0.7219052523960907,a420bb1d1cc15c1827e574c2f484ace9c0858e164660b577f77829d56dc649d2,,38787cf8f8787838,6.842987200765924,subject_quota=2; scan_quota=1 (MR1/mpr-4); slice_region=100-109; norm_quality=0.963; pick_round=2,2,1,100-109,0.9631370682217132,False,18625,496,248,3,,36.23771667480469,49.8704719543457,0.0,255.0,0.7358464490114464,0.4323946409989594,538.923583984375,49.8704719543457,,50,1.0,0.904,0.22524757729152667,0.702,0.004070137715896128,0.0,9,50
oasis_subset\non demented\OAS1_0254_MR1_mpr-5_129.jpg,C:\Users\bhuva\OneDrive\Documents\AD_staging-main\data\oasis_subset\non demented\OAS1_0254_MR1_mpr-5_129.jpg,non demented,OAS1_0254_MR1_mpr-5_129.jpg,Non Demented,0,OAS1_0254,MR1,mpr-5,129,True,False,,0.7117571472450459,3544bd6cd823f333402f3d0fb4ba38ce297453c07c290dbc88080ade5bcc069e,,083c7c7c7c7c3c38,6.841196469354606,subject_quota=2; scan_quota=1 (MR1/mpr-5); slice_region=120-129; norm_quality=0.956; pick_round=2,2,1,120-129,0.956442831215971,False,18396,496,248,3,,40.47618103027344,43.00461959838867,0.0,255.0,0.7778518470343392,0.6598026144640999,380.93890380859375,43.00461959838867,,51,1.0,1.0,0.42016351414505554,0.664,0.3775406687981454,0.0,4,51
oasis_subset\non demented\OAS1_0160_MR1_mpr-2_100.jpg,C:\Users\bhuva\OneDrive\Documents\AD_staging-main\data\oasis_subset\non demented\OAS1_0160_MR1_mpr-2_100.jpg,non demented,OAS1_0160_MR1_mpr-2_100.jpg,Non Demented,0,OAS1_0160,MR1,mpr-2,100,True,False,,0.7125110268883587,fc6a76f7684609ea6eb602ae0770b2992c8e11d116db4c2616f0ef2a6460fdfb,,047c7e68667e3c2c,6.840091575905181,subject_quota=2; scan_quota=1 (MR1/mpr-2); slice_region=100-109; norm_quality=0.957; pick_round=2,2,1,100-109,0.9569634940941952,False,17163,496,248,3,,46.379486083984375,48.278358459472656,0.0,255.0,0.7106854838709677,0.6238293444328824,307.5652770996094,48.278358459472656,,52,1.0,0.9153846153846154,0.2294710063939338,0.67,0.004070137715896128,0.0,9,52
oasis_subset\non demented\OAS1_0211_MR1_mpr-4_136.jpg,C:\Users\bhuva\OneDrive\Documents\AD_staging-main\data\oasis_subset\non demented\OAS1_0211_MR1_mpr-4_136.jpg,non demented,OAS1_0211_MR1_mpr-4_136.jpg,Non Demented,0,OAS1_0211,MR1,mpr-4,136,True,False,,0.7120150662264201,54d03b00508bbbae0dc5718fd64d75059390254dd7f7d4032476ef18ac63905d,,3c5c5c74747c7c28,6.815028108163847,subject_quota=2; scan_quota=1 (MR1/mpr-4); slice_region=130-139; norm_quality=0.957; pick_round=1,2,1,130-139,0.9566213442027908,False,16629,496,248,3,,45.32249069213867,49.56797790527344,0.0,254.0,0.6659973335067638,0.6022128642039543,297.12664794921875,49.56797790527344,,53,1.0,0.9018867924528302,0.28952289247496393,0.668,0.07585818002124355,0.0,6,53
oasis_subset\non demented\OAS1_0358_MR1_mpr-2_147.jpg,C:\Users\bhuva\OneDrive\Documents\AD_staging-main\data\oasis_subset\non demented\OAS1_0358_MR1_mpr-2_147.jpg,non demented,OAS1_0358_MR1_mpr-2_147.jpg,Non Demented,0,OAS1_0358,MR1,mpr-2,147,True,False,,0.800415687256117,1601f43f9a3452653a2d6fd287cedec2dbc4e0876851e384651a0bfd468a441b,,307c7c6c687c7c38,6.798670212534097,subject_quota=2; scan_quota=1 (MR1/mpr-2); slice_region=140-149; norm_quality=0.990; pick_round=2,2,1,140-149,0.9901222813959716,False,17562,496,248,3,,50.290958404541016,50.36923599243164,0.0,251.0,0.7083441727367326,0.5988472294484911,345.9710388183594,50.36923599243164,,54,1.0,0.9111111111111111,0.35833119461937046,0.892,0.3775406687981454,0.0,4,54
oasis_subset\non demented\OAS1_0018_MR1_mpr-4_111.jpg,C:\Users\bhuva\OneDrive\Documents\AD_staging-main\data\oasis_subset\non demented\OAS1_0018_MR1_mpr-4_111.jpg,non demented,OAS1_0018_MR1_mpr-4_111.jpg,Non Demented,0,OAS1_0018,MR1,mpr-4,111,True,False,,0.8164928784473932,8b05794d952100eb1a7ac61e15baee611a35886f72d56593d909e082242fe49d,,386c7cf4746c4c3c,6.780949599399395,subject_quota=2; scan_quota=1 (MR1/mpr-4); slice_region=110-119; norm_quality=0.992; pick_round=1,2,1,110-119,0.992353693731219,False,17276,496,248,3,,43.88468170166016,51.49180221557617,0.0,255.0,0.636308207596254,0.5682150754422477,352.9084777832031,51.49180221557617,,55,1.0,0.8981818181818182,0.18633106103972064,0.924,0.18242552380635635,0.0,5,55
oasis_subset\non demented\OAS1_0264_MR1_mpr-3_118.jpg,C:\Users\bhuva\OneDrive\Documents\AD_staging-main\data\oasis_subset\non demented\OAS1_0264_MR1_mpr-3_118.jpg,non demented,OAS1_0264_MR1_mpr-3_118.jpg,Non Demented,0,OAS1_0264,MR1,mpr-3,118,True,False,,0.7092157105830194,10a1dea21f9946d84e2fbfd733436d4808ce2ae0457e55178775e8dea2eb46a5,,207c7e7c7c7e3c10,6.73216364677192,subject_quota=2; scan_quota=1 (MR1/mpr-3); slice_region=110-119; norm_quality=0.955; pick_round=2,2,1,110-119,0.954687453512243,False,17762,496,248,3,,58.12821960449219,50.68092727661133,0.0,255.0,0.7811199271592092,0.6612740634755463,254.0133819580078,50.68092727661133,,56,1.0,0.9357142857142857,0.27976380221393365,0.66,0.18242552380635635,0.0,5,56
oasis_subset\non demented\OAS1_0145_MR2_mpr-2_122.jpg,C:\Users\bhuva\OneDrive\Documents\AD_staging-main\data\oasis_subset\non demented\OAS1_0145_MR2_mpr-2_122.jpg,non demented,OAS1_0145_MR2_mpr-2_122.jpg,Non Demented,0,OAS1_0145,MR2,mpr-2,122,True,False,,0.7827125261298591,4804f236167c36d8d92bc8cf71227897adccbd8b29080909c28fa762ee3bcebb,,28747e5c5c7e7428,6.674393424620191,subject_quota=2; scan_quota=1 (MR2/mpr-2); slice_region=120-129; norm_quality=0.987; pick_round=1,2,1,120-129,0.9866859063996906,False,18536,496,248,3,,51.38086318969727,48.03602981567383,0.0,255.0,0.747642429760666,0.6613309703433923,342.5933532714844,48.03602981567383,,57,1.0,0.9859649122807017,0.2036749349958698,0.85,0.3775406687981454,0.0,4,57
oasis_subset\non demented\OAS1_0330_MR1_mpr-3_102.jpg,C:\Users\bhuva\OneDrive\Documents\AD_staging-main\data\oasis_subset\non demented\OAS1_0330_MR1_mpr-3_102.jpg,non demented,OAS1_0330_MR1_mpr-3_102.jpg,Non Demented,0,OAS1_0330,MR1,mpr-3,102,True,False,,0.702258839138504,15d324d855c32eb2ce7295bdeea51ac2a1bff484b4fe5df2cc2f63252553368c,,182c6c7c7c7c6c3c,6.674008581089747,subject_quota=2; scan_quota=1 (MR1/mpr-3); slice_region=100-109; norm_quality=0.949; pick_round=2,2,1,100-109,0.949495700812234,False,15936,496,248,3,,40.97919464111328,51.80569839477539,0.0,255.0,0.608253121748179,0.5005771982310093,299.8710021972656,51.80569839477539,,58,1.0,0.9310344827586207,0.18197962103089335,0.63,0.07585818002124355,0.0,6,58
oasis_subset\non demented\OAS1_0359_MR1_mpr-3_139.jpg,C:\Users\bhuva\OneDrive\Documents\AD_staging-main\data\oasis_subset\non demented\OAS1_0359_MR1_mpr-3_139.jpg,non demented,OAS1_0359_MR1_mpr-3_139.jpg,Non Demented,0,OAS1_0359,MR1,mpr-3,139,True,True,extremely_bright,0.8443649360602775,fa52c56b6b3633a717180e2a5b838329cb5c60b1a9efe10481288a24e7679249,,10347e7e7c7e7c20,6.660899401839273,subject_quota=2; scan_quota=1 (MR1/mpr-3); slice_region=130-139; norm_quality=0.995; pick_round=1,2,1,130-139,0.994912379875636,False,19884,496,248,3,,58.90165710449219,48.17073059082031,0.0,250.0,0.8074190296566077,0.7141568028095734,359.8739929199219,48.17073059082031,,59,1.0,0.9254237288135594,0.2539750481809522,0.948,0.18242552380635635,0.0,5,59
oasis_subset\non demented\OAS1_0198_MR1_mpr-2_114.jpg,C:\Users\bhuva\OneDrive\Documents\AD_staging-main\data\oasis_subset\non demented\OAS1_0198_MR1_mpr-2_114.jpg,non demented,OAS1_0198_MR1_mpr-2_114.jpg,Non Demented,0,OAS1_0198,MR1,mpr-2,114,True,False,,0.666877977942242,561880b077d57d975decd6e851f5e78682ae35268581695bdf937b994838b3a3,,283c747e5e763438,6.653492207579301,subject_quota=2; scan_quota=1 (MR1/mpr-2); slice_region=110-119; norm_quality=0.917; pick_round=2,2,1,110-119,0.9167534438130374,False,16115,496,248,3,,47.187313079833984,50.17155838012695,0.0,255.0,0.6860773283038502,0.5917094823100937,262.2626953125,50.17155838012695,,60,1.0,0.9133333333333333,0.2293399145060081,0.496,0.01098694263059318,0.0,8,60
oasis_subset\non demented\OAS1_0078_MR1_mpr-2_100.jpg,C:\Users\bhuva\OneDrive\Documents\AD_staging-main\data\oasis_subset\non demented\OAS1_0078_MR1_mpr-2_100.jpg,non demented,OAS1_0078_MR1_mpr-2_100.jpg,Non Demented,0,OAS1_0078,MR1,mpr-2,100,True,False,,0.6823191542018228,da7237e44195ec58e5e643c9aeaf856f7c20ae7babc0431d25a689b55101f99d,,1c1c7c7e7e6c2c0c,6.621184511549865,subject_quota=2; scan_quota=1 (MR1/mpr-2); slice_region=100-109; norm_quality=0.932; pick_round=2,2,1,100-109,0.9321948171729494,False,16724,496,248,3,,43.18963623046875,49.93806076049805,0.0,255.0,0.6911420395421436,0.5743854058272633,283.3414611816406,49.93806076049805,,61,1.0,0.9081967213114754,0.17465026625594568,0.556,0.01098694263059318,0.0,8,61
oasis_subset\non demented\OAS1_0377_MR1_mpr-3_116.jpg,C:\Users\bhuva\OneDrive\Documents\AD_staging-main\data\oasis_subset\non demented\OAS1_0377_MR1_mpr-3_116.jpg,non demented,OAS1_0377_MR1_mpr-3_116.jpg,Non Demented,0,OAS1_0377,MR1,mpr-3,116,True,False,,0.7935044054249738,85ad429a9e0d3a451daf60b9ef071f9638fa9e32d93f9587d56b9a3837c77eba,,38647e5c7c7e2438,6.595734529141949,subject_quota=2; scan_quota=1 (MR1/mpr-3); slice_region=110-119; norm_quality=0.989; pick_round=2,2,1,110-119,0.988976823063878,False,18126,496,248,3,,56.5250244140625,49.47829818725586,0.0,255.0,0.7436752081165453,0.6888657648283039,316.9017333984375,49.47829818725586,,62,1.0,0.9225806451612903,0.21708136070728576,0.878,0.3775406687981454,0.0,4,62
oasis_subset\non demented\OAS1_0180_MR1_mpr-2_112.jpg,C:\Users\bhuva\OneDrive\Documents\AD_staging-main\data\oasis_subset\non demented\OAS1_0180_MR1_mpr-2_112.jpg,non demented,OAS1_0180_MR1_mpr-2_112.jpg,Non Demented,0,OAS1_0180,MR1,mpr-2,112,True,False,,0.7020272813075773,9a9a3d28ac13c86242e24e5d961f4568b1a4e2fca58986edab9359ab9d771e58,,386c747c707e6c7c,6.591511334084611,subject_quota=2; scan_quota=1 (MR1/mpr-2); slice_region=110-119; norm_quality=0.949; pick_round=2,2,1,110-119,0.9493469399898844,False,17010,496,248,3,,47.83649063110352,51.52310180664063,0.0,255.0,0.7661534209157128,0.578580254942768,271.2787780761719,51.52310180664063,,63,1.0,0.9047619047619048,0.16334489341260822,0.628,0.07585818002124355,0.0,6,63
oasis_subset\non demented\OAS1_0107_MR1_mpr-1_120.jpg,C:\Users\bhuva\OneDrive\Documents\AD_staging-main\data\oasis_subset\non demented\OAS1_0107_MR1_mpr-1_120.jpg,non demented,OAS1_0107_MR1_mpr-1_120.jpg,Non Demented,0,OAS1_0107,MR1,mpr-1,120,True,False,,0.6717281949736947,b858c60c0f7a9f7533f572dbac2473108febebc0bef12b0d43d1ad0a45cdc3f7,,0c7c7676727c7c2c,6.579882950699404,subject_quota=2; scan_quota=1 (MR1/mpr-1); slice_region=120-129; norm_quality=0.922; pick_round=1,2,1,120-129,0.9218261878551663,False,17766,496,248,3,,49.7784309387207,47.22586441040039,0.0,255.0,0.7467075312174818,0.6751755983350677,274.3392333984375,47.22586441040039,,64,1.0,0.925,0.19927517719138,0.522,0.07585818002124355,0.0,6,64
oasis_subset\non demented\OAS1_0346_MR1_mpr-1_157.jpg,C:\Users\bhuva\OneDrive\Documents\AD_staging-main\data\oasis_subset\non demented\OAS1_0346_MR1_mpr-1_157.jpg,non demented,OAS1_0346_MR1_mpr-1_157.jpg,Non Demented,0,OAS1_0346,MR1,mpr-1,157,True,False,,0.703156846610463,a92cb1135e007296a6553dc7481147ed14fb23526bb5ab987d32109d96b42c1e,,30347e7c7c7e3428,6.562821902856798,subject_quota=2; scan_quota=1 (MR1/mpr-1); slice_region=150-160; norm_quality=0.950; pick_round=2,2,1,150-160,0.9502395049239832,False,17161,496,248,3,,54.267974853515625,50.53129196166992,0.0,255.0,0.748365959937565,0.6470961238293444,258.1000061035156,50.53129196166992,,65,1.0,0.92,0.35858046986550907,0.638,0.3775406687981454,0.0,4,65
oasis_subset\non demented\OAS1_0076_MR1_mpr-3_127.jpg,C:\Users\bhuva\OneDrive\Documents\AD_staging-main\data\oasis_subset\non demented\OAS1_0076_MR1_mpr-3_127.jpg,non demented,OAS1_0076_MR1_mpr-3_127.jpg,Non Demented,0,OAS1_0076,MR1,mpr-3,127,True,False,,0.7304528840562277,0e0b1498917511465b6691fb05bf33abd8e7485e69c5f77b83292dd4b0a770f9,,103c7c7c7c7e3c30,6.558765392515384,subject_quota=2; scan_quota=1 (MR1/mpr-3); slice_region=120-129; norm_quality=0.968; pick_round=1,2,1,120-129,0.9678081580434976,False,18802,496,248,3,,51.2309455871582,45.22748565673828,0.0,255.0,0.7752910379812695,0.7189857570239334,325.7575378417969,45.22748565673828,,66,1.0,0.9212121212121211,0.29425996835394047,0.728,0.3775406687981454,0.0,4,66
oasis_subset\non demented\OAS1_0201_MR1_mpr-2_105.jpg,C:\Users\bhuva\OneDrive\Documents\AD_staging-main\data\oasis_subset\non demented\OAS1_0201_MR1_mpr-2_105.jpg,non demented,OAS1_0201_MR1_mpr-2_105.jpg,Non Demented,0,OAS1_0201,MR1,mpr-2,105,True,False,,0.6491110988715016,8d1f30881908f4f696300d16b7885ae815d52b985209431bf9eb5482d0bf4328,,0c347e785676743c,6.55046923235956,subject_quota=2; scan_quota=1 (MR1/mpr-2); slice_region=100-109; norm_quality=0.894; pick_round=1,2,1,100-109,0.8943054357204486,False,17112,496,248,3,,44.96208190917969,46.88345336914063,0.0,254.0,0.7204978537981269,0.6081636966701353,292.27789306640625,46.88345336914063,,67,1.0,0.9044776119402985,0.2244655596547078,0.418,0.01098694263059318,0.0,8,67
oasis_subset\non demented\OAS1_0090_MR1_mpr-3_136.jpg,C:\Users\bhuva\OneDrive\Documents\AD_staging-main\data\oasis_subset\non demented\OAS1_0090_MR1_mpr-3_136.jpg,non demented,OAS1_0090_MR1_mpr-3_136.jpg,Non Demented,0,OAS1_0090,MR1,mpr-3,136,True,False,,0.7534002486459093,007fc78d3141b4c224522cb4153032e3292de02d7e116258d434592693644f30,,10387c7e7e7e3c10,6.505239036646559,subject_quota=2; scan_quota=1 (MR1/mpr-3); slice_region=130-139; norm_quality=0.978; pick_round=1,2,1,130-139,0.9782957960191604,False,17637,496,248,3,,57.56465530395508,53.092567443847656,0.0,252.0,0.7619667013527576,0.6534534339229969,251.1319732666016,53.092567443847656,,68,1.0,0.9176470588235295,0.21932914722520774,0.794,0.3775406687981454,0.0,4,68
oasis_subset\non demented\OAS1_0151_MR1_mpr-4_142.jpg,C:\Users\bhuva\OneDrive\Documents\AD_staging-main\data\oasis_subset\non demented\OAS1_0151_MR1_mpr-4_142.jpg,non demented,OAS1_0151_MR1_mpr-4_142.jpg,Non Demented,0,OAS1_0151,MR1,mpr-4,142,True,False,,0.8635684946877284,84dfd11b440597fcd3fe2a9a4b31fb74960e48bf260f80cd9d968a1b192a43fd,,307c7c7c7c7c3c30,6.502118434898902,subject_quota=2; scan_quota=1 (MR1/mpr-4); slice_region=140-149; norm_quality=0.996; pick_round=2,2,1,140-149,0.9961173425366696,False,18751,496,248,3,,49.67858123779297,50.1451416015625,0.0,247.0,0.6788420265348595,0.6499252081165453,401.3707885742188,50.1451416015625,,69,1.0,0.9130434782608696,0.30598845045032774,0.964,0.6224593312018546,0.0,3,69
oasis_subset\non demented\OAS1_0355_MR1_mpr-4_110.jpg,C:\Users\bhuva\OneDrive\Documents\AD_staging-main\data\oasis_subset\non demented\OAS1_0355_MR1_mpr-4_110.jpg,non demented,OAS1_0355_MR1_mpr-4_110.jpg,Non Demented,0,OAS1_0355,MR1,mpr-4,110,True,False,,0.8117283597909151,d9a215478fdccf1122e2dd1b25639ecc3c6fff6dc10bedfdb736f81aaffdc6c7,,287c7c7c7c747438,6.490609255127625,subject_quota=2; scan_quota=1 (MR1/mpr-4); slice_region=110-119; norm_quality=0.992; pick_round=1,2,1,110-119,0.9917288982773496,False,20115,496,248,3,,48.34040832519531,45.9003791809082,0.0,254.0,0.8522209937565036,0.7423663501560874,405.3433532714844,45.9003791809082,,70,1.0,0.9085714285714286,0.1430101335982755,0.912,0.3775406687981454,0.0,4,70
oasis_subset\non demented\OAS1_0001_MR1_mpr-4_102.jpg,C:\Users\bhuva\OneDrive\Documents\AD_staging-main\data\oasis_subset\non demented\OAS1_0001_MR1_mpr-4_102.jpg,non demented,OAS1_0001_MR1_mpr-4_102.jpg,Non Demented,0,OAS1_0001,MR1,mpr-4,102,True,False,,0.7128846529055131,ab64b0b0f6fbde61917af62ad8c56d182857581294a795c765d7456619be437b,,183c7e70707c7c3c,6.4787975371507045,subject_quota=2; scan_quota=1 (MR1/mpr-4); slice_region=100-109; norm_quality=0.957; pick_round=2,2,1,100-109,0.9571717592454853,False,16603,496,248,3,,43.42090606689453,51.55223083496094,0.0,253.0,0.6997349765868887,0.5412005723204995,293.7716369628906,51.55223083496094,,71,1.0,0.9042253521126761,0.14350497403606727,0.674,0.18242552380635635,0.0,5,71
oasis_subset\non demented\OAS1_0314_MR1_mpr-3_154.jpg,C:\Users\bhuva\OneDrive\Documents\AD_staging-main\data\oasis_subset\non demented\OAS1_0314_MR1_mpr-3_154.jpg,non demented,OAS1_0314_MR1_mpr-3_154.jpg,Non Demented,0,OAS1_0314,MR1,mpr-3,154,True,True,extremely_bright,0.990159272807234,eb7fb03f40efc695cd30179beb89f05a48b2a13d664cea7f840a5529e67c2c34,,00347e7e7e7e3c08,6.478996128277028,subject_quota=2; scan_quota=1 (MR1/mpr-3); slice_region=150-160; norm_quality=1.000; pick_round=2,2,1,150-160,0.9998661152598852,False,20361,496,248,3,,65.21507263183594,53.98451614379883,0.0,254.0,0.7895421436004162,0.7311963449531738,370.0408020019531,53.98451614379883,,72,1.0,0.9166666666666666,0.2658077311467836,1.0,0.3775406687981454,0.0,4,72
oasis_subset\non demented\OAS1_0261_MR1_mpr-1_128.jpg,C:\Users\bhuva\OneDrive\Documents\AD_staging-main\data\oasis_subset\non demented\OAS1_0261_MR1_mpr-1_128.jpg,non demented,OAS1_0261_MR1_mpr-1_128.jpg,Non Demented,0,OAS1_0261,MR1,mpr-1,128,True,False,,0.6380412960515156,59a8f7e635b27e51df0240a7d32a58be6df2150aa224d47eb62dcf09af8f5249,,28747e7456747c2c,6.478079262584263,subject_quota=2; scan_quota=1 (MR1/mpr-1); slice_region=120-129; norm_quality=0.879; pick_round=1,2,1,120-129,0.8790276992651216,False,17176,496,248,3,,48.02413558959961,46.4755859375,0.0,254.0,0.7174086238293444,0.6609163631633714,268.8348388671875,46.4755859375,,73,1.0,0.9232876712328767,0.24302249024091885,0.358,0.07585818002124355,0.0,6,73
oasis_subset\non demented\OAS1_0183_MR1_mpr-3_139.jpg,C:\Users\bhuva\OneDrive\Documents\AD_staging-main\data\oasis_subset\non demented\OAS1_0183_MR1_mpr-3_139.jpg,non demented,OAS1_0183_MR1_mpr-3_139.jpg,Non Demented,0,OAS1_0183,MR1,mpr-3,139,True,False,,0.6855216064160439,380c6eb10eaf84a491dffc88e4dabaa75f2d56b6530d80eec693108478045a03,,307c7e74767e7c20,6.471480760783165,subject_quota=2; scan_quota=1 (MR1/mpr-3); slice_region=130-139; norm_quality=0.935; pick_round=2,2,1,130-139,0.9353336705245306,False,16652,496,248,3,,54.68147659301758,51.24125671386719,0.0,251.0,0.7760714750260146,0.6583555541103018,231.0108795166016,51.24125671386719,,74,1.0,0.9135135135135135,0.19424290768463215,0.572,0.18242552380635635,0.0,5,74
oasis_subset\non demented\OAS1_0114_MR1_mpr-3_116.jpg,C:\Users\bhuva\OneDrive\Documents\AD_staging-main\data\oasis_subset\non demented\OAS1_0114_MR1_mpr-3_116.jpg,non demented,OAS1_0114_MR1_mpr-3_116.jpg,Non Demented,0,OAS1_0114,MR1,mpr-3,116,True,False,,0.6915607220085093,1efeeff848ae94373d273085f709629bebbb3888aaf1cd4086edcc525099f227,,28787c7cfc7c3838,6.45355690479106,subject_quota=2; scan_quota=1 (MR1/mpr-3); slice_region=110-119; norm_quality=0.941; pick_round=2,2,1,110-119,0.9407336883758294,False,17349,496,248,3,,46.3818359375,45.53603744506836,0.0,252.0,0.6829880983350677,0.6303655046826223,331.4888916015625,45.53603744506836,,75,1.0,0.9093333333333333,0.17720057772229642,0.588,0.18242552380635635,0.0,5,75
oasis_subset\non demented\OAS1_0262_MR1_mpr-1_101.jpg,C:\Users\bhuva\OneDrive\Documents\AD_staging-main\data\oasis_subset\non demented\OAS1_0262_MR1_mpr-1_101.jpg,non demented,OAS1_0262_MR1_mpr-1_101.jpg,Non Demented,0,OAS1_0262,MR1,mpr-1,101,True,False,,0.7013291291216983,e036ea91589c985518169013f7278da9ef173df53125bdc54054a8e76090957e,,185c7c7c7c7c7c18,6.431865805805337,subject_quota=2; scan_quota=1 (MR1/mpr-1); slice_region=100-109; norm_quality=0.949; pick_round=2,2,1,100-109,0.9489006575228348,False,17554,496,248,3,,43.92314147949219,45.32669448852539,0.0,252.0,0.7048322060353798,0.6128625780437045,348.4762878417969,45.32669448852539,,76,1.0,0.9210526315789473,0.12178078017936152,0.626,0.18242552380635635,0.0,5,76
oasis_subset\non demented\OAS1_0051_MR1_mpr-1_101.jpg,C:\Users\bhuva\OneDrive\Documents\AD_staging-main\data\oasis_subset\non demented\OAS1_0051_MR1_mpr-1_101.jpg,non demented,OAS1_0051_MR1_mpr-1_101.jpg,Non Demented,0,OAS1_0051,MR1,mpr-1,101,True,False,,0.6656196286504991,01d7f5ef2eef4743ecc1da411441e5e2af54eba02df909adf36a9016f37df3bf,,0c247e7c7c7e740c,6.39957676427605,subject_quota=2; scan_quota=1 (MR1/mpr-1); slice_region=100-109; norm_quality=0.915; pick_round=2,2,1,100-109,0.9152955877540092,False,16891,496,248,3,,51.60113143920898,48.57877731323242,0.0,251.0,0.7383991285119667,0.6473887877211238,261.7750244140625,48.57877731323242,,77,1.0,0.9168831168831169,0.10856023060039413,0.494,0.07585818002124355,0.0,6,77
oasis_subset\non demented\OAS1_0162_MR1_mpr-4_136.jpg,C:\Users\bhuva\OneDrive\Documents\AD_staging-main\data\oasis_subset\non demented\OAS1_0162_MR1_mpr-4_136.jpg,non demented,OAS1_0162_MR1_mpr-4_136.jpg,Non Demented,0,OAS1_0162,MR1,mpr-4,136,True,False,,0.6780646226020592,d98823ec5725ba9e33e2a2f56c2bff89afb009697017edf458009f5167000a5b,,38785c787c7c7838,6.4012633426645955,subject_quota=2; scan_quota=1 (MR1/mpr-4); slice_region=130-139; norm_quality=0.928; pick_round=1,2,1,130-139,0.9282526553806788,False,15631,496,248,3,,41.35805892944336,50.91666793823242,0.0,255.0,0.604985041623309,0.5415501430801248,279.691650390625,50.91666793823242,,78,1.0,0.9076923076923077,0.17652623714436666,0.54,0.18242552380635635,0.0,5,78
oasis_subset\non demented\OAS1_0173_MR1_mpr-1_160.jpg,C:\Users\bhuva\OneDrive\Documents\AD_staging-main\data\oasis_subset\non demented\OAS1_0173_MR1_mpr-1_160.jpg,non demented,OAS1_0173_MR1_mpr-1_160.jpg,Non Demented,0,OAS1_0173,MR1,mpr-1,160,True,False,,0.6485311879165415,9e1286eae9486532d937b39463f3cff58dbdc3642ccc3a3cc50dce448c34a502,,38747c5c5c7c742c,6.39076265737166,subject_quota=1; scan_quota=1 (MR1/mpr-1); slice_region=150-160; norm_quality=0.894; pick_round=1,1,1,150-160,0.8936508881021095,False,16822,496,248,3,,45.96875762939453,46.41082382202149,0.0,248.0,0.6942719172736732,0.6464945369406868,282.87066650390625,46.41082382202149,,79,1.0,0.9139240506329114,0.4013089053530914,0.414,0.3775406687981454,0.0,4,79
oasis_subset\non demented\OAS1_0366_MR1_mpr-4_154.jpg,C:\Users\bhuva\OneDrive\Documents\AD_staging-main\data\oasis_subset\non demented\OAS1_0366_MR1_mpr-4_154.jpg,non demented,OAS1_0366_MR1_mpr-4_154.jpg,Non Demented,0,OAS1_0366,MR1,mpr-4,154,True,False,,0.7247404977021787,aa62e4124250199565f48ccf79d8779a7da4484eaec78f1f3e76354aac5612e0,,28647c7c7c7c6c38,6.381928942599023,subject_quota=2; scan_quota=1 (MR1/mpr-4); slice_region=150-160; norm_quality=0.965; pick_round=1,2,1,150-160,0.9645056677873316,False,18190,496,248,3,,52.09313201904297,49.50783920288086,0.0,249.0,0.7601538111342352,0.6984667663891779,266.29254150390625,49.50783920288086,,80,1.0,0.905,0.20998516315259658,0.71,0.3775406687981454,0.0,4,80
oasis_subset\non demented\OAS1_0277_MR1_mpr-1_104.jpg,C:\Users\bhuva\OneDrive\Documents\AD_staging-main\data\oasis_subset\non demented\OAS1_0277_MR1_mpr-1_104.jpg,non demented,OAS1_0277_MR1_mpr-1_104.jpg,Non Demented,0,OAS1_0277,MR1,mpr-1,104,True,False,,0.675026949401458,fbd178a324721ba59435ba5b9ce1d91c7f9cabf2645da4708237b12e4978f262,,083c7c7c727c7c1c,6.383171532948173,subject_quota=2; scan_quota=1 (MR1/mpr-1); slice_region=100-109; norm_quality=0.925; pick_round=2,2,1,100-109,0.9254113236737972,False,18095,496,248,3,,46.48381423950195,42.94147491455078,0.0,250.0,0.7369520681581686,0.6755576873048907,340.0108947753906,42.94147491455078,,81,1.0,0.9111111111111111,0.167906625574894,0.528,0.18242552380635635,0.0,5,81
oasis_subset\non demented\OAS1_0191_MR2_mpr-1_149.jpg,C:\Users\bhuva\OneDrive\Documents\AD_staging-main\data\oasis_subset\non demented\OAS1_0191_MR2_mpr-1_149.jpg,non demented,OAS1_0191_MR2_mpr-1_149.jpg,Non Demented,0,OAS1_0191,MR2,mpr-1,149,True,False,,0.6244299373967301,dd7318f3c7d46631eba7c0d0533a2ca63943d07970ec228f53e2748d5c07e6f2,,10387c7c7c7c7c38,6.360256405046551,subject_quota=2; scan_quota=1 (MR2/mpr-1); slice_region=140-149; norm_quality=0.857; pick_round=2,2,1,140-149,0.8574276278599268,False,15755,496,248,3,,51.32809066772461,51.66606903076172,0.0,255.0,0.7281071149843913,0.5970262096774194,209.3560791015625,51.66606903076172,,82,1.0,0.9951219512195122,0.3500408695318734,0.298,0.3775406687981454,0.0,4,82
oasis_subset\non demented\OAS1_0271_MR1_mpr-1_121.jpg,C:\Users\bhuva\OneDrive\Documents\AD_staging-main\data\oasis_subset\non demented\OAS1_0271_MR1_mpr-1_121.jpg,non demented,OAS1_0271_MR1_mpr-1_121.jpg,Non Demented,0,OAS1_0271,MR1,mpr-1,121,True,False,,0.7394180745097293,7753cff7e3657ec97b30c7d1316074800c579ce0566e498edd2b739a410a0df8,,386c7c7c547c7c28,6.361719676621575,subject_quota=2; scan_quota=1 (MR1/mpr-1); slice_region=120-129; norm_quality=0.972; pick_round=2,2,1,120-129,0.9723304870429323,False,16309,496,248,3,,44.853458404541016,49.82934188842773,0.0,254.0,0.6569979188345474,0.5830189906347555,319.6683349609375,49.82934188842773,,83,1.0,0.9084337349397591,0.15593400588923012,0.764,0.3775406687981454,0.0,4,83
oasis_subset\non demented\OAS1_0375_MR1_mpr-2_103.jpg,C:\Users\bhuva\OneDrive\Documents\AD_staging-main\data\oasis_subset\non demented\OAS1_0375_MR1_mpr-2_103.jpg,non demented,OAS1_0375_MR1_mpr-2_103.jpg,Non Demented,0,OAS1_0375,MR1,mpr-2,103,True,False,,0.6794850961925669,5f374a1dd518fc130ec24cf120782605c0d0f975495fbb5766325bccda71fe6b,,2864767c5e7e742c,6.347327848134941,subject_quota=2; scan_quota=1 (MR1/mpr-2); slice_region=100-109; norm_quality=0.930; pick_round=2,2,1,100-109,0.929814644015352,False,17887,496,248,3,,49.04964065551758,47.14458465576172,0.0,249.0,0.7359927809573361,0.6732651534859522,281.5517578125,47.14458465576172,,84,1.0,0.9190476190476191,0.12009549202770482,0.548,0.18242552380635635,0.0,5,84
oasis_subset\non demented\OAS1_0176_MR1_mpr-3_105.jpg,C:\Users\bhuva\OneDrive\Documents\AD_staging-main\data\oasis_subset\non demented\OAS1_0176_MR1_mpr-3_105.jpg,non demented,OAS1_0176_MR1_mpr-3_105.jpg,Non Demented,0,OAS1_0176,MR1,mpr-3,105,True,False,,0.6620653409006462,939dcf705a0a936077088482f25e492d35559a690fe3c2cb59ac9433ee00fe37,,3c7c6e70707c7c38,6.310042551201661,subject_quota=2; scan_quota=1 (MR1/mpr-3); slice_region=100-109; norm_quality=0.911; pick_round=2,2,1,100-109,0.9107881348368094,False,15665,496,248,3,,42.38793563842773,50.19159698486328,0.0,255.0,0.6388446279916753,0.5356318288241415,282.1953125,50.19159698486328,,85,1.0,0.9152941176470588,0.14824329603737119,0.476,0.18242552380635635,0.0,5,85
oasis_subset\non demented\OAS1_0190_MR1_mpr-3_151.jpg,C:\Users\bhuva\OneDrive\Documents\AD_staging-main\data\oasis_subset\non demented\OAS1_0190_MR1_mpr-3_151.jpg,non demented,OAS1_0190_MR1_mpr-3_151.jpg,Non Demented,0,OAS1_0190,MR1,mpr-3,151,True,False,,0.6938779423814195,3a964ca3bb7261e45060e202d05abbb7ea4def7b3ec46dceea7eaec83ece76b6,,187c7c5c5c7c7468,6.287915547554623,subject_quota=2; scan_quota=1 (MR1/mpr-3); slice_region=150-160; norm_quality=0.942; pick_round=1,2,1,150-160,0.9424295617506172,False,16925,496,248,3,,50.167259216308594,47.72418594360352,0.0,255.0,0.695369406867846,0.6507462929240374,292.0267333984375,47.72418594360352,,86,1.0,0.9116279069767442,0.21580569033798522,0.594,0.3775406687981454,0.0,4,86
oasis_subset\non demented\OAS1_0296_MR1_mpr-2_139.jpg,C:\Users\bhuva\OneDrive\Documents\AD_staging-main\data\oasis_subset\non demented\OAS1_0296_MR1_mpr-2_139.jpg,non demented,OAS1_0296_MR1_mpr-2_139.jpg,Non Demented,0,OAS1_0296,MR1,mpr-2,139,True,False,,0.6260844949064309,86da3736c39e497553758ade3ecb7ca45f8e401cab483f8077594053f04c0e46,,183c7e3e347e7c08,6.289315076473011,subject_quota=2; scan_quota=1 (MR1/mpr-2); slice_region=130-139; norm_quality=0.860; pick_round=2,2,1,130-139,0.8598673053464639,False,16058,496,248,3,,44.8947868347168,50.20664978027344,0.0,255.0,0.6919143470343392,0.5597684703433923,247.72398376464844,50.20664978027344,,87,1.0,0.9172413793103449,0.15990808893229674,0.306,0.07585818002124355,0.0,6,87
oasis_subset\non demented\OAS1_0075_MR1_mpr-1_105.jpg,C:\Users\bhuva\OneDrive\Documents\AD_staging-main\data\oasis_subset\non demented\OAS1_0075_MR1_mpr-1_105.jpg,non demented,OAS1_0075_MR1_mpr-1_105.jpg,Non Demented,0,OAS1_0075,MR1,mpr-1,105,True,False,,0.6299804766657431,632b9de327e19a68390156d4d15b662dc69e98645141cb4d1ec7c8bd0696cc88,,387c7c5e54747c18,6.242808647526836,subject_quota=2; scan_quota=1 (MR1/mpr-1); slice_region=100-109; norm_quality=0.867; pick_round=2,2,1,100-109,0.8665020380232662,False,16207,496,248,3,,43.65837097167969,49.53070068359375,0.0,251.0,0.6752812825182102,0.5685809053069719,256.68914794921875,49.53070068359375,,88,1.0,0.9090909090909091,0.12910442982681816,0.322,0.07585818002124355,0.0,6,88
oasis_subset\non demented\OAS1_0113_MR1_mpr-3_110.jpg,C:\Users\bhuva\OneDrive\Documents\AD_staging-main\data\oasis_subset\non demented\OAS1_0113_MR1_mpr-3_110.jpg,non demented,OAS1_0113_MR1_mpr-3_110.jpg,Non Demented,0,OAS1_0113,MR1,mpr-3,110,True,False,,0.7149505210569287,7f1db9ef7de2540e075bc4e53bbe89dce371393030c98f3f75cf7813a8deb75f,,087c7e7c747c7c08,6.2387550731059545,subject_quota=2; scan_quota=1 (MR1/mpr-3); slice_region=110-119; norm_quality=0.959; pick_round=2,2,1,110-119,0.9586147392222784,False,17114,496,248,3,,49.72545623779297,50.19120407104492,0.0,254.0,0.7257170265348595,0.617642754942768,283.3876647949219,50.19120407104492,,89,1.0,0.9101123595505618,0.12505277067238027,0.684,0.3775406687981454,0.0,4,89
oasis_subset\non demented\OAS1_0214_MR1_mpr-2_144.jpg,C:\Users\bhuva\OneDrive\Documents\AD_staging-main\data\oasis_subset\non demented\OAS1_0214_MR1_mpr-2_144.jpg,non demented,OAS1_0214_MR1_mpr-2_144.jpg,Non Demented,0,OAS1_0214,MR1,mpr-2,144,True,False,,0.6529092095687066,59d4ffb6225a770fd890ba8bbe57ce7cfe787bba1b548d0e5e4f01aec663fa21,,287c7c7c7c7c7820,6.234251696141066,subject_quota=2; scan_quota=1 (MR1/mpr-2); slice_region=140-149; norm_quality=0.899; pick_round=2,2,1,140-149,0.8989318972955282,False,17221,496,248,3,,57.60794448852539,48.36675643920898,0.0,254.0,0.7748520421436004,0.6977513657648283,235.32264709472656,48.36675643920898,,90,1.0,0.9155555555555556,0.27612625804265134,0.442,0.3775406687981454,0.0,4,90
oasis_subset\non demented\OAS1_0040_MR1_mpr-4_159.jpg,C:\Users\bhuva\OneDrive\Documents\AD_staging-main\data\oasis_subset\non demented\OAS1_0040_MR1_mpr-4_159.jpg,non demented,OAS1_0040_MR1_mpr-4_159.jpg,Non Demented,0,OAS1_0040,MR1,mpr-4,159,True,False,,0.6611142734517068,81844e1ffe05db5b1e9d725de5f5cd5d5bb15cc1ac4bcb4c23eb042ef8734de7,,30787c7c7c7c7038,6.232249908172148,subject_quota=2; scan_quota=1 (MR1/mpr-4); slice_region=150-160; norm_quality=0.910; pick_round=1,2,1,150-160,0.9096278004224808,False,15876,496,248,3,,50.34969329833984,52.46057891845703,0.0,255.0,0.7041249349635796,0.6008958766909469,220.5620880126953,52.46057891845703,,91,1.0,0.9120879120879121,0.2620819243644911,0.468,0.3775406687981454,0.0,4,91
oasis_subset\non demented\OAS1_0283_MR1_mpr-2_126.jpg,C:\Users\bhuva\OneDrive\Documents\AD_staging-main\data\oasis_subset\non demented\OAS1_0283_MR1_mpr-2_126.jpg,non demented,OAS1_0283_MR1_mpr-2_126.jpg,Non Demented,0,OAS1_0283,MR1,mpr-2,126,True,False,,0.5808263116244601,83cad7fc3d9e46bec283f3d1faab784683e9216436cc118b0e32e930c99d0da7,,083c5c7e7e5c3c1c,6.21347442030191,subject_quota=1; scan_quota=1 (MR1/mpr-2); slice_region=120-129; norm_quality=0.770; pick_round=1,1,1,120-129,0.7699413882359941,False,17439,496,248,3,,39.8656005859375,42.71465301513672,0.0,253.0,0.7600156087408949,0.6577864854318418,287.586669921875,42.71465301513672,,92,1.0,0.9130434782608696,0.21494485260486468,0.156,0.07585818002124355,0.0,6,92
oasis_subset\non demented\OAS1_0327_MR1_mpr-1_134.jpg,C:\Users\bhuva\OneDrive\Documents\AD_staging-main\data\oasis_subset\non demented\OAS1_0327_MR1_mpr-1_134.jpg,non demented,OAS1_0327_MR1_mpr-1_134.jpg,Non Demented,0,OAS1_0327,MR1,mpr-1,134,True,True,extremely_bright,0.7853029954707174,72cfe266c49b8de206e2aeeab24893ba28e8b6e968b36aa43a8afa8029dfdcdd,,003c7c7c7e7e3c18,6.211923153413366,subject_quota=2; scan_quota=1 (MR1/mpr-1); slice_region=130-139; norm_quality=0.987; pick_round=2,2,1,130-139,0.9873255779357948,False,18314,496,248,3,,65.52450561523438,57.228023529052734,0.0,246.0,0.7954767169614985,0.6642901274713839,248.43882751464844,57.228023529052734,,93,1.0,0.9096774193548387,0.19307807756721723,0.856,0.3775406687981454,0.0,4,93
oasis_subset\non demented\OAS1_0253_MR1_mpr-3_101.jpg,C:\Users\bhuva\OneDrive\Documents\AD_staging-main\data\oasis_subset\non demented\OAS1_0253_MR1_mpr-3_101.jpg,non demented,OAS1_0253_MR1_mpr-3_101.jpg,Non Demented,0,OAS1_0253,MR1,mpr-3,101,True,False,,0.658530907697453,c539f3b7633e35d60f8a3e08f512a9aef1366315bc9855d8d0e6b9cbf5b9067f,,20747e7e7e7a7428,6.2022732475102025,subject_quota=2; scan_quota=1 (MR1/mpr-3); slice_region=100-109; norm_quality=0.906; pick_round=2,2,1,100-109,0.9064294427419596,False,16926,496,248,3,,49.23178863525391,47.35277938842773,0.0,252.0,0.7258958766909469,0.654786680541103,272.1265869140625,47.35277938842773,,94,1.0,0.9106382978723404,0.09327152008716322,0.46,0.18242552380635635,0.0,5,94
oasis_subset\non demented\OAS1_0301_MR1_mpr-2_108.jpg,C:\Users\bhuva\OneDrive\Documents\AD_staging-main\data\oasis_subset\non demented\OAS1_0301_MR1_mpr-2_108.jpg,non demented,OAS1_0301_MR1_mpr-2_108.jpg,Non Demented,0,OAS1_0301,MR1,mpr-2,108,True,False,,0.6057057285985128,fa4cc9b10088d125b10ca0b221af2f01613ac563d23c331da5b857cfc167b6e6,,303c7e7c647c7c28,6.182172564828797,subject_quota=2; scan_quota=1 (MR1/mpr-2); slice_region=100-109; norm_quality=0.824; pick_round=2,2,1,100-109,0.8242688405581506,False,17283,496,248,3,,46.344181060791016,44.716796875,0.0,253.0,0.854871227887617,0.6397795265348595,282.0897521972656,44.716796875,,95,1.0,0.911578947368421,0.15069632359979127,0.224,0.07585818002124355,0.0,6,95
oasis_subset\non demented\OAS1_0064_MR1_mpr-2_117.jpg,C:\Users\bhuva\OneDrive\Documents\AD_staging-main\data\oasis_subset\non demented\OAS1_0064_MR1_mpr-2_117.jpg,non demented,OAS1_0064_MR1_mpr-2_117.jpg,Non Demented,0,OAS1_0064,MR1,mpr-2,117,True,False,,0.6850765127968195,c6f08d642667f6066ff3cec8c659224ea7ef8607c079766d33753b2cc152e1ba,,286c7c74707c7c3c,6.171674001538495,subject_quota=2; scan_quota=1 (MR1/mpr-2); slice_region=110-119; norm_quality=0.935; pick_round=1,2,1,110-119,0.9348278837285412,False,16894,496,248,3,,46.6828498840332,49.69047164916992,0.0,250.0,0.7357163761706556,0.5959937565036421,279.8285827636719,49.69047164916992,,96,1.0,0.9083333333333333,0.1600374245101934,0.568,0.3775406687981454,0.0,4,96
oasis_subset\non demented\OAS1_0047_MR1_mpr-2_102.jpg,C:\Users\bhuva\OneDrive\Documents\AD_staging-main\data\oasis_subset\non demented\OAS1_0047_MR1_mpr-2_102.jpg,non demented,OAS1_0047_MR1_mpr-2_102.jpg,Non Demented,0,OAS1_0047,MR1,mpr-2,102,True,False,,0.7132966667681478,f211d681bbb22a75f9b8fc85d63fe14ad0d0dd88986cca4a1f02c367b9590930,,28747e585c7c7c38,6.163878896684446,subject_quota=2; scan_quota=1 (MR1/mpr-2); slice_region=100-109; norm_quality=0.957; pick_round=1,2,1,100-109,0.9574544048079496,False,17010,496,248,3,,48.48980712890625,50.52153396606445,0.0,251.0,0.740553459937565,0.6189597424557752,276.8216857910156,50.52153396606445,,97,1.0,0.9051546391752577,0.085745613834606,0.678,0.3775406687981454,0.0,4,97
oasis_subset\non demented\OAS1_0157_MR1_mpr-1_109.jpg,C:\Users\bhuva\OneDrive\Documents\AD_staging-main\data\oasis_subset\non demented\OAS1_0157_MR1_mpr-1_109.jpg,non demented,OAS1_0157_MR1_mpr-1_109.jpg,Non Demented,0,OAS1_0157,MR1,mpr-1,109,True,False,,0.6441927678421464,40787e4145977f5042bd30900e8724c3b4aba1a1f9bc1384f8b0e8c276f18121,,3c7c7c7474744c38,6.164909467032519,subject_quota=2; scan_quota=1 (MR1/mpr-1); slice_region=100-109; norm_quality=0.888; pick_round=2,2,1,100-109,0.8877897117015263,False,16232,496,248,3,,43.68463897705078,48.78995132446289,0.0,255.0,0.6848416363163371,0.5716132284079084,275.9588928222656,48.78995132446289,,98,1.0,0.9102040816326531,0.11427462121900667,0.392,0.18242552380635635,0.0,5,98
oasis_subset\non demented\OAS1_0182_MR1_mpr-4_148.jpg,C:\Users\bhuva\OneDrive\Documents\AD_staging-main\data\oasis_subset\non demented\OAS1_0182_MR1_mpr-4_148.jpg,non demented,OAS1_0182_MR1_mpr-4_148.jpg,Non Demented,0,OAS1_0182,MR1,mpr-4,148,True,False,,0.6461948534118185,948204edbc3844c6d3a0b6f1f60204b5d5a8c34580e6f9ac12acb80f98d0696e,,203c7e7c7c7c3838,6.160978968082628,subject_quota=2; scan_quota=1 (MR1/mpr-4); slice_region=140-149; norm_quality=0.890; pick_round=1,2,1,140-149,0.8904822825860581,False,16661,496,248,3,,54.437103271484375,50.25799560546875,0.0,252.0,0.7473416363163371,0.6468441077003122,224.03097534179688,50.25799560546875,,99,1.0,0.9151515151515152,0.2544831596719624,0.402,0.3775406687981454,0.0,4,99
oasis_subset\non demented\OAS1_0178_MR1_mpr-4_105.jpg,C:\Users\bhuva\OneDrive\Documents\AD_staging-main\data\oasis_subset\non demented\OAS1_0178_MR1_mpr-4_105.jpg,non demented,OAS1_0178_MR1_mpr-4_105.jpg,Non Demented,0,OAS1_0178,MR1,mpr-4,105,True,False,,0.6110456010002179,4a813cc96a04ea1c76f9e121ca12e9c57f49887c59c9c600a69aa35d46498761,,0c3c767c7e762c18,6.149728980476049,subject_quota=2; scan_quota=1 (MR1/mpr-4); slice_region=100-109; norm_quality=0.834; pick_round=1,2,1,100-109,0.8340573026687692,False,15815,496,248,3,,44.97137451171875,50.17398834228516,0.0,255.0,0.680923191987513,0.5612399193548387,237.49935913085932,50.17398834228516,,100,1.0,0.912,0.11117253037901252,0.25,0.07585818002124355,0.0,6,100
oasis_subset\very mild demented\OAS1_0272_MR1_mpr-2_106.jpg,C:\Users\bhuva\OneDrive\Documents\AD_staging-main\data\oasis_subset\very mild demented\OAS1_0272_MR1_mpr-2_106.jpg,very mild demented,OAS1_0272_MR1_mpr-2_106.jpg,Very Mild Demented,1,OAS1_0272,MR1,mpr-2,106,True,False,,0.8296816228211779,d1ca267f912360e32705da4cbdd187c875b7eb8105306ba78df0f335a640fd66,,387c6c74747c7c38,8.49600000093594,subject_quota=9; scan_quota=2 (MR1/mpr-2); slice_region=100-109; norm_quality=1.000; pick_round=6,9,2,100-109,0.9995628415300546,False,17289,496,248,3,,46.50990295410156,54.53772735595703,0.0,252.0,0.6664932362122789,0.5605001300728408,321.6465759277344,54.53772735595703,,1,1.0,1.0,1.0,0.996,0.0,0.0,-1,1
oasis_subset\very mild demented\OAS1_0205_MR1_mpr-4_156.jpg,C:\Users\bhuva\OneDrive\Documents\AD_staging-main\data\oasis_subset\very mild demented\OAS1_0205_MR1_mpr-4_156.jpg,very mild demented,OAS1_0205_MR1_mpr-4_156.jpg,Very Mild Demented,1,OAS1_0205,MR1,mpr-4,156,True,False,,0.8105441883598513,2c9476ebf671ee2999156d2a2310012b40fe266951b8d58db55f14df99b68171,,307c7e66447e7c30,8.479115835392857,subject_quota=9; scan_quota=2 (MR1/mpr-4); slice_region=150-160; norm_quality=0.999; pick_round=2,9,2,150-160,0.9989799635701276,False,19305,496,248,3,,50.845245361328125,47.69685363769531,0.0,252.0,0.7835262747138397,0.6707612513007284,362.3648986816406,47.69685363769531,,2,1.0,1.0,1.0,0.984,0.004070137715896128,0.0,9,2
oasis_subset\very mild demented\OAS1_0042_MR1_mpr-1_114.jpg,C:\Users\bhuva\OneDrive\Documents\AD_staging-main\data\oasis_subset\very mild demented\OAS1_0042_MR1_mpr-1_114.jpg,very mild demented,OAS1_0042_MR1_mpr-1_114.jpg,Very Mild Demented,1,OAS1_0042,MR1,mpr-1,114,True,False,,0.8031437462782361,1ad339fece631f0f6cadeda896019fcf360478159bc038963af642e133730ece,,0c7c7e5e787c7c3c,8.465336497241477,subject_quota=9; scan_quota=2 (MR1/mpr-1); slice_region=110-119; norm_quality=0.998; pick_round=2,9,2,110-119,0.9975227686703096,False,18460,496,248,3,,47.18134689331055,47.72615051269531,0.0,252.0,0.7133438475546305,0.6417387486992716,369.1044616699219,47.72615051269531,,3,1.0,1.0,0.9999998874648379,0.966,0.0005527786369235996,0.0,11,3
oasis_subset\very mild demented\OAS1_0021_MR1_mpr-3_100.jpg,C:\Users\bhuva\OneDrive\Documents\AD_staging-main\data\oasis_subset\very mild demented\OAS1_0021_MR1_mpr-3_100.jpg,very mild demented,OAS1_0021_MR1_mpr-3_100.jpg,Very Mild Demented,1,OAS1_0021,MR1,mpr-3,100,True,False,,0.7850052226063993,256f20e076568dbfc1eba9bbd6441f98c1cf91599f0d289f4e74a9f467a52c21,,086c76dcf4d47c68,8.437781866051447,subject_quota=9; scan_quota=2 (MR1/mpr-3); slice_region=100-109; norm_quality=0.989; pick_round=4,9,2,100-109,0.989071038251366,False,18060,496,248,3,,44.02655029296875,47.49519729614258,0.0,255.0,0.7183353928199792,0.6179354188345474,373.1117858886719,47.49519729614258,,4,1.0,1.0,0.9998766054240137,0.938,2.7535691114583473e-05,0.0,14,4
oasis_subset\very mild demented\OAS1_0312_MR1_mpr-3_150.jpg,C:\Users\bhuva\OneDrive\Documents\AD_staging-main\data\oasis_subset\very mild demented\OAS1_0312_MR1_mpr-3_150.jpg,very mild demented,OAS1_0312_MR1_mpr-3_150.jpg,Very Mild Demented,1,OAS1_0312,MR1,mpr-3,150,True,False,,0.7895913043407691,7f73e02a071548b0d9d5cdba2cbeb0a058db4e7d9bb0c9c73a0521c900347b73,,286c7c7c7c7c6c28,8.252640232083802,subject_quota=9; scan_quota=2 (MR1/mpr-3); slice_region=150-160; norm_quality=0.991; pick_round=2,9,2,150-160,0.9914754098360656,False,17236,496,248,3,,50.23674011230469,54.28207778930664,0.0,255.0,0.7097343262226847,0.5938312955254943,282.70379638671875,54.28207778930664,,5,1.0,0.92,0.9998766054240137,0.948,0.02931223075135632,0.0,7,5
oasis_subset\very mild demented\OAS1_0120_MR1_mpr-1_122.jpg,C:\Users\bhuva\OneDrive\Documents\AD_staging-main\data\oasis_subset\very mild demented\OAS1_0120_MR1_mpr-1_122.jpg,very mild demented,OAS1_0120_MR1_mpr-1_122.jpg,Very Mild Demented,1,OAS1_0120,MR1,mpr-1,122,True,False,,0.7458696514719751,d947f3c02dbdad40c27b06cfe182ad0b319eaf2f24645ce9af606c58f82f047c,,3c1c1c3afe7c3c38,8.2446334550562,subject_quota=9; scan_quota=2 (MR1/mpr-1); slice_region=120-129; norm_quality=0.975; pick_round=8,9,2,120-129,0.9747905282331512,False,18322,496,248,3,,44.11357116699219,44.88511657714844,0.0,255.0,0.6961742325702394,0.6477871357960457,397.8463134765625,44.88511657714844,,6,1.0,0.9333333333333333,0.9999998874648379,0.878,2.7535691114583473e-05,0.0,14,6
oasis_subset\very mild demented\OAS1_0115_MR1_mpr-2_130.jpg,C:\Users\bhuva\OneDrive\Documents\AD_staging-main\data\oasis_subset\very mild demented\OAS1_0115_MR1_mpr-2_130.jpg,very mild demented,OAS1_0115_MR1_mpr-2_130.jpg,Very Mild Demented,1,OAS1_0115,MR1,mpr-2,130,True,False,,0.7186152283559643,321a96a79fe015c9f19ea04438f0c6bd6804a91827ac0e640c551c3fc50ae9d0,,087cfcfcfc5c7c38,8.21452978622832,subject_quota=9; scan_quota=2 (MR1/mpr-2); slice_region=130-139; norm_quality=0.964; pick_round=4,9,2,130-139,0.9636429872495448,False,18316,496,248,3,,44.72917938232422,45.79754638671875,0.0,255.0,0.71931906867846,0.6471123829344433,338.7585144042969,45.79754638671875,,7,1.0,0.9428571428571428,0.9999998874648379,0.842,0.01098694263059318,0.0,8,7
oasis_subset\very mild demented\OAS1_0307_MR1_mpr-4_139.jpg,C:\Users\bhuva\OneDrive\Documents\AD_staging-main\data\oasis_subset\very mild demented\OAS1_0307_MR1_mpr-4_139.jpg,very mild demented,OAS1_0307_MR1_mpr-4_139.jpg,Very Mild Demented,1,OAS1_0307,MR1,mpr-4,139,True,False,,0.7025723188762859,88a29ff520a658bc21b688299670f040590607602d8beabe4ffa9da490b8eca4,,28747e5c7c76742c,8.213115832369137,subject_quota=9; scan_quota=3 (MR1/mpr-4); slice_region=130-139; norm_quality=0.957; pick_round=1,9,3,130-139,0.9567213114754098,False,16969,496,248,3,,49.13466644287109,50.5372428894043,0.0,254.0,0.7265787591050988,0.6068873569198752,274.4408569335937,50.5372428894043,,8,1.0,0.95,0.999999998394699,0.818,0.004070137715896128,0.0,9,8
oasis_subset\very mild demented\OAS1_0084_MR1_mpr-3_110.jpg,C:\Users\bhuva\OneDrive\Documents\AD_staging-main\data\oasis_subset\very mild demented\OAS1_0084_MR1_mpr-3_110.jpg,very mild demented,OAS1_0084_MR1_mpr-3_110.jpg,Very Mild Demented,1,OAS1_0084,MR1,mpr-3,110,True,False,,0.7025513758960135,f257a5274cd18a5afb6d127b8dfe13d552532de1948939261f2fe8e240031bcd,,20667e7c7c7e3418,8.080332791528926,subject_quota=9; scan_quota=2 (MR1/mpr-3); slice_region=110-119; norm_quality=0.957; pick_round=7,9,2,110-119,0.9566484517304188,False,17990,496,248,3,,46.83403396606445,47.17538070678711,0.0,255.0,0.752926638917794,0.6719562955254943,297.1239929199219,47.17538070678711,,9,1.0,0.9111111111111111,0.96466315595898,0.816,0.004070137715896128,0.0,9,9
oasis_subset\very mild demented\OAS1_0142_MR1_mpr-2_144.jpg,C:\Users\bhuva\OneDrive\Documents\AD_staging-main\data\oasis_subset\very mild demented\OAS1_0142_MR1_mpr-2_144.jpg,very mild demented,OAS1_0142_MR1_mpr-2_144.jpg,Very Mild Demented,1,OAS1_0142,MR1,mpr-2,144,True,False,,0.8023024134914272,cf84c4868ac908e7be6d5842c682d2ec8c0cd73c05270bac70ceaf22136c38d0,,387c7c647c7c3c30,8.082014891080645,subject_quota=9; scan_quota=3 (MR1/mpr-2); slice_region=140-149; norm_quality=0.997; pick_round=1,9,3,140-149,0.997231329690346,False,18509,496,248,3,,51.50649642944336,51.22314834594727,0.0,255.0,0.732415777835588,0.6250081295525495,323.6134033203125,51.22314834594727,,10,1.0,0.92,0.9979503457705972,0.964,0.18242552380635635,0.0,5,10
oasis_subset\very mild demented\OAS1_0374_MR1_mpr-4_126.jpg,C:\Users\bhuva\OneDrive\Documents\AD_staging-main\data\oasis_subset\very mild demented\OAS1_0374_MR1_mpr-4_126.jpg,very mild demented,OAS1_0374_MR1_mpr-4_126.jpg,Very Mild Demented,1,OAS1_0374,MR1,mpr-4,126,True,False,,0.6544688108939173,914a317e96cca3504d5d453725bf8a966c0608346a74d0cbd696cf97da55021e,,083c5e7c7c5c7c1c,7.976355857919056,subject_quota=9; scan_quota=3 (MR1/mpr-4); slice_region=120-129; norm_quality=0.921; pick_round=1,9,3,120-129,0.921384335154827,False,16111,496,248,3,,43.657958984375,49.53662109375,0.0,255.0,0.6456328043704475,0.5710279006243496,272.0139465332031,49.53662109375,,11,1.0,0.9272727272727272,0.9646631559719037,0.688,0.01098694263059318,0.0,8,11
oasis_subset\very mild demented\OAS1_0335_MR1_mpr-3_118.jpg,C:\Users\bhuva\OneDrive\Documents\AD_staging-main\data\oasis_subset\very mild demented\OAS1_0335_MR1_mpr-3_118.jpg,very mild demented,OAS1_0335_MR1_mpr-3_118.jpg,Very Mild Demented,1,OAS1_0335,MR1,mpr-3,118,True,False,,0.6525117120389886,a3fc0f36344ae163385201ae89f6731916f7e26133cf8e844385f34b369595e9,,38347e7c7c7c3438,7.889819743062161,subject_quota=8; scan_quota=2 (MR1/mpr-3); slice_region=110-119; norm_quality=0.919; pick_round=1,8,2,110-119,0.9189799635701276,False,17361,496,248,3,,50.3809814453125,47.91292190551758,0.0,249.0,0.8067686654526535,0.6343652445369407,268.3125915527344,47.91292190551758,,12,1.0,0.9,0.9646629465271074,0.678,0.02931223075135632,0.0,7,12
oasis_subset\very mild demented\OAS1_0023_MR1_mpr-2_134.jpg,C:\Users\bhuva\OneDrive\Documents\AD_staging-main\data\oasis_subset\very mild demented\OAS1_0023_MR1_mpr-2_134.jpg,very mild demented,OAS1_0023_MR1_mpr-2_134.jpg,Very Mild Demented,1,OAS1_0023,MR1,mpr-2,134,True,False,,0.6520240747265973,c8f5c164ffd3a514d05fc4160bc946724d258d166989d82f97dce9682d2a2dfb,,386c7c74747e742c,7.870588153034154,subject_quota=9; scan_quota=2 (MR1/mpr-2); slice_region=130-139; norm_quality=0.919; pick_round=7,9,2,130-139,0.9187613843351548,False,17373,496,248,3,,44.92959976196289,46.22064208984375,0.0,251.0,0.708409209157128,0.6309833506763788,294.5281982421875,46.22064208984375,,13,1.0,0.9076923076923077,0.9801555688583684,0.676,0.07585818002124355,0.0,6,13
oasis_subset\very mild demented\OAS1_0263_MR1_mpr-1_102.jpg,C:\Users\bhuva\OneDrive\Documents\AD_staging-main\data\oasis_subset\very mild demented\OAS1_0263_MR1_mpr-1_102.jpg,very mild demented,OAS1_0263_MR1_mpr-1_102.jpg,Very Mild Demented,1,OAS1_0263,MR1,mpr-1,102,True,False,,0.7580775289100744,957af2b8a27e4e3598255689dab6b393e0bb4edcf3e6fbe404fdf3bcde59c495,,786cd4dcd47c7848,7.863568862820137,subject_quota=9; scan_quota=2 (MR1/mpr-1); slice_region=100-109; norm_quality=0.979; pick_round=3,9,2,100-109,0.9785063752276868,False,18129,496,248,3,,45.22258758544922,46.65433120727539,0.0,255.0,0.7060109911550468,0.630454929760666,359.49200439453125,46.65433120727539,,14,1.0,0.9428571428571428,0.7213991257087796,0.896,0.00020342697805520653,0.0,12,14
oasis_subset\very mild demented\OAS1_0015_MR1_mpr-3_147.jpg,C:\Users\bhuva\OneDrive\Documents\AD_staging-main\data\oasis_subset\very mild demented\OAS1_0015_MR1_mpr-3_147.jpg,very mild demented,OAS1_0015_MR1_mpr-3_147.jpg,Very Mild Demented,1,OAS1_0015,MR1,mpr-3,147,True,False,,0.7269487419087204,d6b22262ab403abf833d157f976c5a32ca84e29ca8c4326c84b4bf8528ed9ef3,,387c745e587c7438,7.862334152637459,subject_quota=9; scan_quota=3 (MR1/mpr-3); slice_region=140-149; norm_quality=0.967; pick_round=4,9,3,140-149,0.9669945355191256,False,16847,496,248,3,,45.82625579833984,48.40422058105469,0.0,252.0,0.6813459287200833,0.6215286810613944,316.3493957519531,48.40422058105469,,15,1.0,0.8933333333333333,0.8259012112668436,0.85,0.01098694263059318,0.0,8,15
oasis_subset\very mild demented\OAS1_0290_MR1_mpr-4_108.jpg,C:\Users\bhuva\OneDrive\Documents\AD_staging-main\data\oasis_subset\very mild demented\OAS1_0290_MR1_mpr-4_108.jpg,very mild demented,OAS1_0290_MR1_mpr-4_108.jpg,Very Mild Demented,1,OAS1_0290,MR1,mpr-4,108,True,False,,0.7839704862465448,218e1f6f719ec4153ffdcea8738f9dc391b9c7020979a3dab2f9fa7b544f9765,,387c7e7c34747c08,7.6148777293271825,subject_quota=8; scan_quota=2 (MR1/mpr-4); slice_region=100-109; norm_quality=0.989; pick_round=1,8,2,100-109,0.9886338797814208,False,19028,496,248,3,,48.954864501953125,45.833946228027344,0.0,248.0,0.7371065296566077,0.6760698491155047,369.9695739746094,45.833946228027344,,16,1.0,0.925,0.5760349370073671,0.936,0.02931223075135632,0.0,7,16
oasis_subset\very mild demented\OAS1_0315_MR1_mpr-2_104.jpg,C:\Users\bhuva\OneDrive\Documents\AD_staging-main\data\oasis_subset\very mild demented\OAS1_0315_MR1_mpr-2_104.jpg,very mild demented,OAS1_0315_MR1_mpr-2_104.jpg,Very Mild Demented,1,OAS1_0315,MR1,mpr-2,104,True,False,,0.8096650344830576,6c67bd48dae212dc2e3ee320b1c121747e03f36c4dba730422d5c7fac7edfe9e,,18787cfc747c7838,7.5469907532393465,subject_quota=9; scan_quota=2 (MR1/mpr-2); slice_region=100-109; norm_quality=0.999; pick_round=4,9,2,100-109,0.9988342440801458,False,15446,496,248,3,,40.04762268066406,54.638450622558594,0.0,255.0,0.5380625650364204,0.4637665842872008,348.6805419921875,54.638450622558594,,17,1.0,0.9058823529411765,0.5641705750296703,0.98,0.07585818002124355,0.0,6,17
oasis_subset\very mild demented\OAS1_0288_MR1_mpr-1_154.jpg,C:\Users\bhuva\OneDrive\Documents\AD_staging-main\data\oasis_subset\very mild demented\OAS1_0288_MR1_mpr-1_154.jpg,very mild demented,OAS1_0288_MR1_mpr-1_154.jpg,Very Mild Demented,1,OAS1_0288,MR1,mpr-1,154,True,False,,0.6476893114826427,9de0321dffd2e5410cc80115f1d041b2c24ff16cefcbd5bfe0ffc7a7b58f109b,,78787c6c6c7c7830,7.519731892035273,subject_quota=9; scan_quota=2 (MR1/mpr-1); slice_region=150-160; norm_quality=0.914; pick_round=4,9,2,150-160,0.913879781420765,False,16426,496,248,3,,47.539852142333984,48.88031005859375,0.0,248.0,0.6794923907388137,0.6120496227887617,260.0472717285156,48.88031005859375,,18,1.0,0.9333333333333333,0.7213966940199376,0.662,0.07585818002124355,0.0,6,18
oasis_subset\very mild demented\OAS1_0304_MR1_mpr-4_114.jpg,C:\Users\bhuva\OneDrive\Documents\AD_staging-main\data\oasis_subset\very mild demented\OAS1_0304_MR1_mpr-4_114.jpg,very mild demented,OAS1_0304_MR1_mpr-4_114.jpg,Very Mild Demented,1,OAS1_0304,MR1,mpr-4,114,True,False,,0.7850215644920631,6914230c86f0adc45a853e7bde8c0eb1be2328ff310c392ebd33ab3748fa77b6,,387c7c7c507c7868,7.4728699060854495,subject_quota=9; scan_quota=3 (MR1/mpr-4); slice_region=110-119; norm_quality=0.989; pick_round=5,9,3,110-119,0.989143897996357,False,16774,496,248,3,,44.47496795654297,50.42978286743164,0.0,253.0,0.6327962408949012,0.5703450182101977,346.6636047363281,50.42978286743164,,19,1.0,0.9157894736842105,0.4909770899686486,0.94,0.02931223075135632,0.0,7,19
oasis_subset\very mild demented\OAS1_0155_MR1_mpr-2_123.jpg,C:\Users\bhuva\OneDrive\Documents\AD_staging-main\data\oasis_subset\very mild demented\OAS1_0155_MR1_mpr-2_123.jpg,very mild demented,OAS1_0155_MR1_mpr-2_123.jpg,Very Mild Demented,1,OAS1_0155,MR1,mpr-2,123,True,False,,0.7407642118341315,a1ee7f4de1c084efd80301dbf0dff7aae88e535fce214223281569fb49c39e2b,,0c3c7474747c7c3c,7.426102332556226,subject_quota=9; scan_quota=2 (MR1/mpr-2); slice_region=120-129; norm_quality=0.973; pick_round=3,9,2,120-129,0.972823315118397,False,16907,496,248,3,,47.97129440307617,51.55002212524414,0.0,252.0,0.6955807752341311,0.6018470343392299,287.145263671875,51.55002212524414,,20,1.0,0.9,0.5301846725723145,0.866,0.02931223075135632,0.0,7,20
oasis_subset\very mild demented\OAS1_0158_MR1_mpr-2_111.jpg,C:\Users\bhuva\OneDrive\Documents\AD_staging-main\data\oasis_subset\very mild demented\OAS1_0158_MR1_mpr-2_111.jpg,very mild demented,OAS1_0158_MR1_mpr-2_111.jpg,Very Mild Demented,1,OAS1_0158,MR1,mpr-2,111,True,False,,0.7975980897999841,3d5da788e534584219851b98c262a8ec3bc89fed82449b68af3c88a807584eb9,,384c7cf4f47c6c38,7.349727322575196,subject_quota=9; scan_quota=2 (MR1/mpr-2); slice_region=110-119; norm_quality=0.996; pick_round=2,9,2,110-119,0.9956284153005464,False,16822,496,248,3,,42.12379837036133,51.26643753051758,0.0,255.0,0.6333327913631633,0.5395990504682622,355.54443359375,51.26643753051758,,21,1.0,0.8857142857142857,0.4768857113521463,0.954,0.07585818002124355,0.0,6,21
oasis_subset\very mild demented\OAS1_0082_MR1_mpr-1_138.jpg,C:\Users\bhuva\OneDrive\Documents\AD_staging-main\data\oasis_subset\very mild demented\OAS1_0082_MR1_mpr-1_138.jpg,very mild demented,OAS1_0082_MR1_mpr-1_138.jpg,Very Mild Demented,1,OAS1_0082,MR1,mpr-1,138,True,True,extremely_bright,0.8085241606826272,770b1464a7bb38f083f1c79dd89939e452776e035cd91d700d48822c2717d3f5,,2c447c7c747c743c,7.331983876861032,subject_quota=9; scan_quota=2 (MR1/mpr-1); slice_region=130-139; norm_quality=0.999; pick_round=7,9,2,130-139,0.9987613843351548,False,20908,496,248,3,,53.60356903076172,47.34619140625,0.0,255.0,0.9733675858480748,0.6609570109261186,377.60491943359375,47.34619140625,,22,1.0,0.9272727272727272,0.5564087323335429,0.978,0.02931223075135632,0.0,7,22
oasis_subset\very mild demented\OAS1_0041_MR1_mpr-4_159.jpg,C:\Users\bhuva\OneDrive\Documents\AD_staging-main\data\oasis_subset\very mild demented\OAS1_0041_MR1_mpr-4_159.jpg,very mild demented,OAS1_0041_MR1_mpr-4_159.jpg,Very Mild Demented,1,OAS1_0041,MR1,mpr-4,159,True,False,,0.5448882746551875,e16fa28a36f3780af2ffc597d6093503efa2de470765767f0e84097338c58ea5,,30787c7c7c7c7c18,7.29566726873442,subject_quota=9; scan_quota=3 (MR1/mpr-4); slice_region=150-160; norm_quality=0.693; pick_round=5,9,3,150-160,0.6933333333333334,False,14947,496,248,3,,43.88882064819336,49.65183639526367,0.0,255.0,0.6793948361082206,0.5510942377731529,205.0927124023437,49.65183639526367,,23,1.0,0.9130434782608696,0.9030734186823922,0.206,0.07585818002124355,0.0,6,23
oasis_subset\very mild demented\OAS1_0094_MR1_mpr-2_121.jpg,C:\Users\bhuva\OneDrive\Documents\AD_staging-main\data\oasis_subset\very mild demented\OAS1_0094_MR1_mpr-2_121.jpg,very mild demented,OAS1_0094_MR1_mpr-2_121.jpg,Very Mild Demented,1,OAS1_0094,MR1,mpr-2,121,True,False,,0.70152381126411,4dc7439368600229695c5de85b54eb5ac0f543088e51dedfabf5152e3aa1b33a,,080c7e7e7e7e6c08,7.232960170944339,subject_quota=9; scan_quota=2 (MR1/mpr-2); slice_region=120-129; norm_quality=0.956; pick_round=3,9,2,120-129,0.9559927140255008,False,17366,496,248,3,,44.16194915771485,49.57833862304688,0.0,249.0,0.7210181451612904,0.5924736602497399,294.0055847167969,49.57833862304688,,24,1.0,0.8833333333333333,0.443651889960262,0.814,0.01098694263059318,0.0,8,24
oasis_subset\very mild demented\OAS1_0240_MR1_mpr-2_149.jpg,C:\Users\bhuva\OneDrive\Documents\AD_staging-main\data\oasis_subset\very mild demented\OAS1_0240_MR1_mpr-2_149.jpg,very mild demented,OAS1_0240_MR1_mpr-2_149.jpg,Very Mild Demented,1,OAS1_0240,MR1,mpr-2,149,True,False,,0.713876687817484,d58c2a204bc54e8d4a0a018121c8a848f27a59bff34f1cc8da43d854f44db8a4,,383c7c5c5c7c7c28,7.188467498195107,subject_quota=9; scan_quota=3 (MR1/mpr-2); slice_region=140-149; norm_quality=0.962; pick_round=1,9,3,140-149,0.9615300546448088,False,16805,496,248,3,,49.38731002807617,52.295223236083984,0.0,255.0,0.6970766129032258,0.586051313735692,264.6415100097656,52.295223236083984,,25,1.0,0.8719999999999999,0.4649982089607476,0.838,0.07585818002124355,0.0,6,25
oasis_subset\very mild demented\OAS1_0286_MR1_mpr-4_141.jpg,C:\Users\bhuva\OneDrive\Documents\AD_staging-main\data\oasis_subset\very mild demented\OAS1_0286_MR1_mpr-4_141.jpg,very mild demented,OAS1_0286_MR1_mpr-4_141.jpg,Very Mild Demented,1,OAS1_0286,MR1,mpr-4,141,True,False,,0.599199817736158,67a844ec4d5fcd6b1f106b95d69101d29fde60b1305b4eebd9bb3941dcc67be7,,003c7c7e7e7c6c28,7.106439743790979,subject_quota=9; scan_quota=3 (MR1/mpr-4); slice_region=140-149; norm_quality=0.835; pick_round=5,9,3,140-149,0.8353369763205829,False,16532,496,248,3,,40.87190246582031,45.63094329833984,0.0,255.0,0.7151567377731529,0.5828807882414152,287.9530639648437,45.63094329833984,,26,1.0,0.9076923076923077,0.6333899628765014,0.432,0.07585818002124355,0.0,6,26
oasis_subset\very mild demented\OAS1_0339_MR1_mpr-4_104.jpg,C:\Users\bhuva\OneDrive\Documents\AD_staging-main\data\oasis_subset\very mild demented\OAS1_0339_MR1_mpr-4_104.jpg,very mild demented,OAS1_0339_MR1_mpr-4_104.jpg,Very Mild Demented,1,OAS1_0339,MR1,mpr-4,104,True,False,,0.7086670572925715,57203d7864cf887f796d22cfc3d9c3a7b7d8498573333a2437474994ed0dabef,,3c6c6c78787c6c38,7.070587148179537,subject_quota=9; scan_quota=2 (MR1/mpr-4); slice_region=100-109; norm_quality=0.960; pick_round=2,9,2,100-109,0.9595628415300548,False,15757,496,248,3,,38.63225173950195,51.5601692199707,0.0,253.0,0.6051638917793964,0.4955775234131113,309.9095764160156,51.5601692199707,,27,1.0,0.8962962962962963,0.3606829142073953,0.828,0.07585818002124355,0.0,6,27
oasis_subset\very mild demented\OAS1_0362_MR1_mpr-2_136.jpg,C:\Users\bhuva\OneDrive\Documents\AD_staging-main\data\oasis_subset\very mild demented\OAS1_0362_MR1_mpr-2_136.jpg,very mild demented,OAS1_0362_MR1_mpr-2_136.jpg,Very Mild Demented,1,OAS1_0362,MR1,mpr-2,136,True,False,,0.6695872491037804,1ca2e98a53ec3b6ec6f2d035d1286b57724a70541bb7edd965e0233dc26c25bf,,083c7c7c7c7c7c38,7.071743262952017,subject_quota=9; scan_quota=2 (MR1/mpr-2); slice_region=130-139; norm_quality=0.936; pick_round=2,9,2,130-139,0.9361748633879782,False,16766,496,248,3,,43.94486618041992,49.1329231262207,0.0,255.0,0.7487317898022893,0.5988634885535901,276.51055908203125,49.1329231262207,,28,1.0,0.8714285714285714,0.5425311655718648,0.734,0.18242552380635635,0.0,5,28
oasis_subset\very mild demented\OAS1_0098_MR1_mpr-4_116.jpg,C:\Users\bhuva\OneDrive\Documents\AD_staging-main\data\oasis_subset\very mild demented\OAS1_0098_MR1_mpr-4_116.jpg,very mild demented,OAS1_0098_MR1_mpr-4_116.jpg,Very Mild Demented,1,OAS1_0098,MR1,mpr-4,116,True,False,,0.6283567774777441,e9c4b1f3e570d028d499519aceadd17fb850dcb602ede7fc9eb258247f7f8e5e,,18747e5e7c4c7c2c,7.02179469995365,subject_quota=8; scan_quota=2 (MR1/mpr-4); slice_region=110-119; norm_quality=0.890; pick_round=2,8,2,110-119,0.889544626593807,False,17204,496,248,3,,43.43095397949219,45.96530151367188,0.0,255.0,0.7388056061394381,0.6230895551508845,285.7367248535156,45.96530151367188,,29,1.0,0.8896551724137931,0.47443935462997394,0.566,0.02931223075135632,0.0,7,29
oasis_subset\very mild demented\OAS1_0243_MR1_mpr-1_113.jpg,C:\Users\bhuva\OneDrive\Documents\AD_staging-main\data\oasis_subset\very mild demented\OAS1_0243_MR1_mpr-1_113.jpg,very mild demented,OAS1_0243_MR1_mpr-1_113.jpg,Very Mild Demented,1,OAS1_0243,MR1,mpr-1,113,True,False,,0.6610757415844168,d9ad70806c9cba288950e6303daf54c1aa4fbbd10939b089e7ce87a85573e1c6,,287c767474767c28,6.955321758179151,subject_quota=9; scan_quota=2 (MR1/mpr-1); slice_region=110-119; norm_quality=0.929; pick_round=7,9,2,110-119,0.9286703096539162,False,17807,496,248,3,,47.88352966308594,45.46297836303711,0.0,251.0,0.7249609781477627,0.6762568288241415,292.9135131835937,45.46297836303711,,30,1.0,0.9333333333333333,0.3184566046825024,0.702,0.07585818002124355,0.0,6,30
oasis_subset\very mild demented\OAS1_0380_MR1_mpr-2_132.jpg,C:\Users\bhuva\OneDrive\Documents\AD_staging-main\data\oasis_subset\very mild demented\OAS1_0380_MR1_mpr-2_132.jpg,very mild demented,OAS1_0380_MR1_mpr-2_132.jpg,Very Mild Demented,1,OAS1_0380,MR1,mpr-2,132,True,False,,0.5880280975571566,e94e8ede73bcec09f917cf8e4673866354e3c2090fdc3a9da73fc1d15cd656f4,,00347e7e767c3c1c,6.959780315439644,subject_quota=9; scan_quota=2 (MR1/mpr-2); slice_region=130-139; norm_quality=0.810; pick_round=6,9,2,130-139,0.8104918032786885,False,16274,496,248,3,,42.09975814819336,46.711875915527344,0.0,254.0,0.7083116545265349,0.5811735822060354,265.1184997558594,46.711875915527344,,31,1.0,0.8709677419354839,0.5700194412919695,0.376,0.01098694263059318,0.0,8,31
oasis_subset\very mild demented\OAS1_0046_MR1_mpr-1_157.jpg,C:\Users\bhuva\OneDrive\Documents\AD_staging-main\data\oasis_subset\very mild demented\OAS1_0046_MR1_mpr-1_157.jpg,very mild demented,OAS1_0046_MR1_mpr-1_157.jpg,Very Mild Demented,1,OAS1_0046,MR1,mpr-1,157,True,False,,0.6346662472351725,1577be769bc16d6782f2558f33cb95dcb92eda322f048245c3076abb85b86e2d,,303c7c7c747c3c38,6.903139025951572,subject_quota=9; scan_quota=2 (MR1/mpr-1); slice_region=150-160; norm_quality=0.898; pick_round=4,9,2,150-160,0.898360655737705,False,16047,496,248,3,,50.086669921875,51.53385925292969,0.0,248.0,0.714473855359001,0.6077653485952134,213.69699096679688,51.53385925292969,,32,1.0,0.925,0.4440331027418751,0.606,0.18242552380635635,0.0,5,32
oasis_subset\very mild demented\OAS1_0143_MR1_mpr-3_107.jpg,C:\Users\bhuva\OneDrive\Documents\AD_staging-main\data\oasis_subset\very mild demented\OAS1_0143_MR1_mpr-3_107.jpg,very mild demented,OAS1_0143_MR1_mpr-3_107.jpg,Very Mild Demented,1,OAS1_0143,MR1,mpr-3,107,True,False,,0.6340086790589053,d6a51aa77b9d0c5d61259aca6c895dd3573346671bd6e893e7c6e665d075c181,,38787c6c746c7c68,6.906039024486259,subject_quota=9; scan_quota=3 (MR1/mpr-3); slice_region=100-109; norm_quality=0.898; pick_round=1,9,3,100-109,0.897632058287796,False,16481,496,248,3,,43.80409240722656,46.86465072631836,0.0,255.0,0.6715985952133194,0.6039607180020812,284.17877197265625,46.86465072631836,,33,1.0,0.9393939393939394,0.3455206410862706,0.6,0.07585818002124355,0.0,6,33
oasis_subset\very mild demented\OAS1_0210_MR1_mpr-3_127.jpg,C:\Users\bhuva\OneDrive\Documents\AD_staging-main\data\oasis_subset\very mild demented\OAS1_0210_MR1_mpr-3_127.jpg,very mild demented,OAS1_0210_MR1_mpr-3_127.jpg,Very Mild Demented,1,OAS1_0210,MR1,mpr-3,127,True,False,,0.537396913788857,52b92d3f7a3615104269aba57d34f034a9ed360502eef411a81e0688a73a91c9,,287c7e64667e6c38,6.798428953243823,subject_quota=9; scan_quota=2 (MR1/mpr-3); slice_region=120-129; norm_quality=0.671; pick_round=7,9,2,120-129,0.6705282331511839,False,16567,496,248,3,,45.04723358154297,45.24999237060547,0.0,254.0,0.7701043834547346,0.6564776274713839,221.3383178710937,45.24999237060547,,34,1.0,0.9294117647058824,0.5245200666114108,0.188,0.02931223075135632,0.0,7,34
oasis_subset\very mild demented\OAS1_0003_MR1_mpr-2_147.jpg,C:\Users\bhuva\OneDrive\Documents\AD_staging-main\data\oasis_subset\very mild demented\OAS1_0003_MR1_mpr-2_147.jpg,very mild demented,OAS1_0003_MR1_mpr-2_147.jpg,Very Mild Demented,1,OAS1_0003,MR1,mpr-2,147,True,False,,0.6207821606438649,2df8f18e5da2a5ede1f6b7e0807e17b0f8f0a833491d6d72b43280f4332d95cb,,103c7e7c76763c30,6.765206105686419,subject_quota=8; scan_quota=2 (MR1/mpr-2); slice_region=140-149; norm_quality=0.878; pick_round=4,8,2,140-149,0.8783242258652094,False,16071,496,248,3,,44.02645492553711,47.835235595703125,0.0,251.0,0.7040273803329865,0.583636836628512,269.3919372558594,47.835235595703125,,35,1.0,0.8742857142857143,0.3877763282954092,0.526,0.07585818002124355,0.0,6,35
oasis_subset\very mild demented\OAS1_0166_MR1_mpr-3_152.jpg,C:\Users\bhuva\OneDrive\Documents\AD_staging-main\data\oasis_subset\very mild demented\OAS1_0166_MR1_mpr-3_152.jpg,very mild demented,OAS1_0166_MR1_mpr-3_152.jpg,Very Mild Demented,1,OAS1_0166,MR1,mpr-3,152,True,False,,0.6246317554472457,e2612515fa10b748200d23a2b98bdd94508d05c3e0c9d734ecfd51501ea90e64,,38787c5c547c7878,6.735568762171392,subject_quota=8; scan_quota=2 (MR1/mpr-3); slice_region=150-160; norm_quality=0.884; pick_round=3,8,2,150-160,0.8836429872495446,False,15607,496,248,3,,39.11992645263672,47.37631607055664,0.0,254.0,0.6380560613943809,0.5509560353798127,292.4622802734375,47.37631607055664,,36,1.0,0.9222222222222223,0.5361154132437386,0.54,0.3775406687981454,0.0,4,36
oasis_subset\very mild demented\OAS1_0273_MR1_mpr-2_114.jpg,C:\Users\bhuva\OneDrive\Documents\AD_staging-main\data\oasis_subset\very mild demented\OAS1_0273_MR1_mpr-2_114.jpg,very mild demented,OAS1_0273_MR1_mpr-2_114.jpg,Very Mild Demented,1,OAS1_0273,MR1,mpr-2,114,True,False,,0.6434929872821141,15bbaeaa46d2200dc9d8883f08bd1e84622a4fbde2b8ceb48e024e123ce9501d,,606cfc7c7cf46860,6.7211008080978605,subject_quota=8; scan_quota=3 (MR1/mpr-2); slice_region=110-119; norm_quality=0.910; pick_round=1,8,3,110-119,0.909872495446266,False,17262,496,248,3,,42.92804718017578,45.480804443359375,0.0,255.0,0.7006861342351717,0.6196426248699272,304.5322265625,45.480804443359375,,37,1.0,0.8702702702702703,0.23316306574598802,0.644,0.01098694263059318,0.0,8,37
oasis_subset\very mild demented\OAS1_0124_MR1_mpr-4_120.jpg,C:\Users\bhuva\OneDrive\Documents\AD_staging-main\data\oasis_subset\very mild demented\OAS1_0124_MR1_mpr-4_120.jpg,very mild demented,OAS1_0124_MR1_mpr-4_120.jpg,Very Mild Demented,1,OAS1_0124,MR1,mpr-4,120,True,False,,0.5608055047588898,4be4b0cb81008fcc5afea8be791cf06b57ff830e95633524b30add60fb30038b,,1c747e5676763c2c,6.624087146092781,subject_quota=8; scan_quota=2 (MR1/mpr-4); slice_region=120-129; norm_quality=0.738; pick_round=3,8,2,120-129,0.737632058287796,False,17118,496,248,3,,43.72346496582031,44.11832046508789,0.0,254.0,0.7527234001040582,0.6468766259105099,257.8704528808594,44.11832046508789,,38,1.0,0.9052631578947369,0.3789633302042779,0.25,0.004070137715896128,0.0,9,38
oasis_subset\very mild demented\OAS1_0329_MR1_mpr-1_103.jpg,C:\Users\bhuva\OneDrive\Documents\AD_staging-main\data\oasis_subset\very mild demented\OAS1_0329_MR1_mpr-1_103.jpg,very mild demented,OAS1_0329_MR1_mpr-1_103.jpg,Very Mild Demented,1,OAS1_0329,MR1,mpr-1,103,True,False,,0.5880755446555279,3ae5455c66ce8b16f7bbf195534767e43b501efe5c83e1a51e7fff60d54d1c22,,187c7c78786c7c1c,6.619703771300059,subject_quota=8; scan_quota=2 (MR1/mpr-1); slice_region=100-109; norm_quality=0.811; pick_round=4,8,2,100-109,0.8106375227686703,False,15845,496,248,3,,40.46547317504883,47.394081115722656,0.0,249.0,0.6698588709677419,0.5675240634755463,260.7308654785156,47.394081115722656,,39,1.0,0.9282051282051282,0.2803121272935326,0.378,0.02931223075135632,0.0,7,39
oasis_subset\very mild demented\OAS1_0217_MR1_mpr-3_125.jpg,C:\Users\bhuva\OneDrive\Documents\AD_staging-main\data\oasis_subset\very mild demented\OAS1_0217_MR1_mpr-3_125.jpg,very mild demented,OAS1_0217_MR1_mpr-3_125.jpg,Very Mild Demented,1,OAS1_0217,MR1,mpr-3,125,True,False,,0.5875838590459637,1455555b6c6ae6b4162c82b67045889fa8bd6092d5182e10aee0966df4ddd6ee,,38747c7c7c7c6430,6.562809914681949,subject_quota=9; scan_quota=3 (MR1/mpr-3); slice_region=120-129; norm_quality=0.809; pick_round=1,9,3,120-129,0.8093260473588343,False,15698,496,248,3,,42.64046096801758,47.907833099365234,0.0,253.0,0.6899551248699272,0.582897047346514,246.3409576416016,47.907833099365234,,40,1.0,0.92,0.3784803619765719,0.374,0.18242552380635635,0.0,5,40
oasis_subset\very mild demented\OAS1_0039_MR1_mpr-1_149.jpg,C:\Users\bhuva\OneDrive\Documents\AD_staging-main\data\oasis_subset\very mild demented\OAS1_0039_MR1_mpr-1_149.jpg,very mild demented,OAS1_0039_MR1_mpr-1_149.jpg,Very Mild Demented,1,OAS1_0039,MR1,mpr-1,149,True,False,,0.5912020140722208,039598410913446bd19c675675a06baa5ba9572daf1218b7ebbae7caf3a145a0,,786c7c6c687c6c70,6.556799918635724,subject_quota=9; scan_quota=3 (MR1/mpr-1); slice_region=140-149; norm_quality=0.817; pick_round=8,9,3,140-149,0.8174863387978142,False,16230,496,248,3,,45.46278381347656,47.9926643371582,0.0,250.0,0.7155225676378772,0.6049606529656608,238.2793884277344,47.9926643371582,,41,1.0,0.9219512195121952,0.2759515299040647,0.39,0.07585818002124355,0.0,6,41
oasis_subset\very mild demented\OAS1_0300_MR1_mpr-1_139.jpg,C:\Users\bhuva\OneDrive\Documents\AD_staging-main\data\oasis_subset\very mild demented\OAS1_0300_MR1_mpr-1_139.jpg,very mild demented,OAS1_0300_MR1_mpr-1_139.jpg,Very Mild Demented,1,OAS1_0300,MR1,mpr-1,139,True,False,,0.5786742184340622,92d27ae3f63e928fd4208c78ef80a9ab49fc3d795cd5fbc22b8fb611bc19dbcd,,383c7c7e3e7c2438,6.536237303355198,subject_quota=8; scan_quota=2 (MR1/mpr-1); slice_region=130-139; norm_quality=0.788; pick_round=3,8,2,130-139,0.788488160291439,False,14840,496,248,3,,42.61364364624024,51.08159255981445,0.0,255.0,0.6488846253902185,0.5456230489073881,208.82858276367188,51.08159255981445,,42,1.0,0.9142857142857143,0.30713046034260155,0.338,0.07585818002124355,0.0,6,42
oasis_subset\very mild demented\OAS1_0022_MR1_mpr-2_142.jpg,C:\Users\bhuva\OneDrive\Documents\AD_staging-main\data\oasis_subset\very mild demented\OAS1_0022_MR1_mpr-2_142.jpg,very mild demented,OAS1_0022_MR1_mpr-2_142.jpg,Very Mild Demented,1,OAS1_0022,MR1,mpr-2,142,True,False,,0.6209532660177542,a94f1b54767b883e623f51299b171b1b1a2cfba20ecf87df69862e41f2dc0e6d,,383c7c7c7c7c3830,6.465398865756334,subject_quota=9; scan_quota=2 (MR1/mpr-2); slice_region=140-149; norm_quality=0.879; pick_round=3,9,2,140-149,0.8786885245901639,False,16124,496,248,3,,49.723365783691406,50.68061065673828,0.0,252.0,0.7326515348595213,0.5898315556711758,224.6652069091797,50.68061065673828,,43,1.0,0.8790697674418604,0.4202054221356519,0.53,0.3775406687981454,0.0,4,43
oasis_subset\very mild demented\OAS1_0267_MR1_mpr-3_101.jpg,C:\Users\bhuva\OneDrive\Documents\AD_staging-main\data\oasis_subset\very mild demented\OAS1_0267_MR1_mpr-3_101.jpg,very mild demented,OAS1_0267_MR1_mpr-3_101.jpg,Very Mild Demented,1,OAS1_0267,MR1,mpr-3,101,True,False,,0.533644854361494,c25acc2407995ba71f0a8440a227badfca941e5d6de8cb9ce94ac63bc3edd7fb,,304c7cfcec7c6468,6.457148933568684,subject_quota=8; scan_quota=3 (MR1/mpr-3); slice_region=100-109; norm_quality=0.658; pick_round=5,8,3,100-109,0.6584335154826958,False,16896,496,248,3,,40.53482055664063,43.26755142211914,0.0,255.0,0.7433744146722164,0.6336579734651405,257.8032531738281,43.26755142211914,,44,1.0,0.9181818181818182,0.3186399826497149,0.178,0.02931223075135632,0.0,7,44
oasis_subset\very mild demented\OAS1_0016_MR1_mpr-1_118.jpg,C:\Users\bhuva\OneDrive\Documents\AD_staging-main\data\oasis_subset\very mild demented\OAS1_0016_MR1_mpr-1_118.jpg,very mild demented,OAS1_0016_MR1_mpr-1_118.jpg,Very Mild Demented,1,OAS1_0016,MR1,mpr-1,118,True,False,,0.624918996299523,1a1f6533b8a2aad9a17ac0b03fed9b11d510b6edda12c16d1260c13dd6435c5c,,287c7c7c747c7828,6.429172816379877,subject_quota=9; scan_quota=3 (MR1/mpr-1); slice_region=110-119; norm_quality=0.884; pick_round=3,9,3,110-119,0.8843715846994535,False,16394,496,248,3,,43.72649002075195,46.513954162597656,0.0,251.0,0.6695824661810614,0.6047736732570239,282.9450988769531,46.513954162597656,,45,1.0,0.9111111111111111,0.342666263925199,0.546,0.3775406687981454,0.0,4,45
oasis_subset\very mild demented\OAS1_0060_MR1_mpr-4_125.jpg,C:\Users\bhuva\OneDrive\Documents\AD_staging-main\data\oasis_subset\very mild demented\OAS1_0060_MR1_mpr-4_125.jpg,very mild demented,OAS1_0060_MR1_mpr-4_125.jpg,Very Mild Demented,1,OAS1_0060,MR1,mpr-4,125,True,False,,0.6353083439173152,0d4de2fe816e5fb2383b21c186b52e1a3db22bfbf0d949b71c0871ed320c12f0,,287c7c707c7c7c28,6.39288282962464,subject_quota=8; scan_quota=2 (MR1/mpr-4); slice_region=120-129; norm_quality=0.899; pick_round=5,8,2,120-129,0.8988706739526412,False,17277,496,248,3,,44.83932113647461,46.22060775756836,0.0,255.0,0.7233431971904266,0.641576157648283,278.8776550292969,46.22060775756836,,46,1.0,0.9130434782608696,0.27456311686590923,0.608,0.3775406687981454,0.0,4,46
oasis_subset\very mild demented\OAS1_0123_MR1_mpr-4_100.jpg,C:\Users\bhuva\OneDrive\Documents\AD_staging-main\data\oasis_subset\very mild demented\OAS1_0123_MR1_mpr-4_100.jpg,very mild demented,OAS1_0123_MR1_mpr-4_100.jpg,Very Mild Demented,1,OAS1_0123,MR1,mpr-4,100,True,False,,0.5579549666940974,65531ca0f521e09c7d509562b73814dd5fc5e556b6965185c6360ec1d0dec4d3,,306c7c7c6c7c7438,6.285943324154641,subject_quota=8; scan_quota=2 (MR1/mpr-4); slice_region=100-109; norm_quality=0.730; pick_round=3,8,2,100-109,0.7296174863387979,False,17639,496,248,3,,45.47459411621094,43.551025390625,0.0,253.0,0.8331978407908429,0.6708588059313215,254.34768676757807,43.551025390625,,47,1.0,0.9063829787234042,0.3040586631470719,0.236,0.18242552380635635,0.0,5,47
oasis_subset\very mild demented\OAS1_0226_MR1_mpr-1_119.jpg,C:\Users\bhuva\OneDrive\Documents\AD_staging-main\data\oasis_subset\very mild demented\OAS1_0226_MR1_mpr-1_119.jpg,very mild demented,OAS1_0226_MR1_mpr-1_119.jpg,Very Mild Demented,1,OAS1_0226,MR1,mpr-1,119,True,False,,0.5707352297487598,193d167bef41050bd4943deb8f88a272e7cb11d18389eb49492cced429b9fba8,,386c7e7c5c7c7428,6.280508978829678,subject_quota=9; scan_quota=3 (MR1/mpr-1); slice_region=110-119; norm_quality=0.766; pick_round=1,9,3,110-119,0.7664116575591985,False,17203,496,248,3,,37.7376594543457,41.50204086303711,0.0,255.0,0.6947109131113424,0.6270649063475546,311.6717834472656,41.50204086303711,,48,1.0,0.9083333333333333,0.253835293783496,0.302,0.18242552380635635,0.0,5,48
oasis_subset\very mild demented\OAS1_0164_MR1_mpr-2_115.jpg,C:\Users\bhuva\OneDrive\Documents\AD_staging-main\data\oasis_subset\very mild demented\OAS1_0164_MR1_mpr-2_115.jpg,very mild demented,OAS1_0164_MR1_mpr-2_115.jpg,Very Mild Demented,1,OAS1_0164,MR1,mpr-2,115,True,False,,0.5623269975834102,df12fe3eb166b67548103e460c783303f583c8d71fe516cdafe948fe70632cfd,,10347c7e7e7c7430,6.251221644596824,subject_quota=8; scan_quota=2 (MR1/mpr-2); slice_region=110-119; norm_quality=0.742; pick_round=2,8,2,110-119,0.7415664845173042,False,17022,496,248,3,,46.39051055908203,46.50913619995117,0.0,254.0,0.795582401144641,0.6214717741935484,234.01953125,46.50913619995117,,49,1.0,0.8857142857142857,0.21121525926186402,0.254,0.07585818002124355,0.0,6,49
oasis_subset\very mild demented\OAS1_0247_MR1_mpr-1_115.jpg,C:\Users\bhuva\OneDrive\Documents\AD_staging-main\data\oasis_subset\very mild demented\OAS1_0247_MR1_mpr-1_115.jpg,very mild demented,OAS1_0247_MR1_mpr-1_115.jpg,Very Mild Demented,1,OAS1_0247,MR1,mpr-1,115,True,False,,0.572854686555526,d337348f0960e7f481185b5ce9f668bc0099fcbc340844283601ac4c65dba039,,287c5c5c7c5c7c38,6.16266375873906,subject_quota=8; scan_quota=2 (MR1/mpr-1); slice_region=110-119; norm_quality=0.771; pick_round=7,8,2,110-119,0.7713661202185792,False,16720,496,248,3,,39.219146728515625,45.18034362792969,0.0,253.0,0.7129942767950052,0.5894819849115505,274.19952392578125,45.18034362792969,,50,1.0,0.904,0.17438292462611668,0.312,0.18242552380635635,0.0,5,50
oasis_subset\very mild demented\OAS1_0238_MR1_mpr-4_110.jpg,C:\Users\bhuva\OneDrive\Documents\AD_staging-main\data\oasis_subset\very mild demented\OAS1_0238_MR1_mpr-4_110.jpg,very mild demented,OAS1_0238_MR1_mpr-4_110.jpg,Very Mild Demented,1,OAS1_0238,MR1,mpr-4,110,True,False,,0.5734431391286055,9dc0e2948f93165f04071d0514e7f4f65f5a67679082d6e7cb7e36bdadd1399f,,207c7c7c7c7c7c20,6.109399988276058,subject_quota=8; scan_quota=2 (MR1/mpr-4); slice_region=110-119; norm_quality=0.773; pick_round=2,8,2,110-119,0.7732604735883425,False,16117,496,248,3,,47.14181137084961,47.62502670288086,0.0,247.0,0.7215221774193549,0.6063101586888657,231.25408935546875,47.62502670288086,,51,1.0,0.9058823529411765,0.29112272268442557,0.314,0.3775406687981454,0.0,4,51
oasis_subset\very mild demented\OAS1_0179_MR1_mpr-1_137.jpg,C:\Users\bhuva\OneDrive\Documents\AD_staging-main\data\oasis_subset\very mild demented\OAS1_0179_MR1_mpr-1_137.jpg,very mild demented,OAS1_0179_MR1_mpr-1_137.jpg,Very Mild Demented,1,OAS1_0179,MR1,mpr-1,137,True,False,,0.4785210385757003,7a19ff456c839afb3ee3fa42dbe3a4be5a5884cae1e9e47e408894b95c6fdefd,,387c7c4c6c7c7c38,6.069564604487409,subject_quota=8; scan_quota=2 (MR1/mpr-1); slice_region=130-139; norm_quality=0.484; pick_round=4,8,2,130-139,0.4839344262295082,False,14583,496,248,3,,38.88694381713867,46.39740753173828,0.0,255.0,0.6463156867845994,0.5625487773152965,204.0792388916016,46.39740753173828,,52,1.0,0.9,0.2923168215004504,0.05,0.18242552380635635,0.0,5,52
oasis_subset\very mild demented\OAS1_0352_MR1_mpr-2_109.jpg,C:\Users\bhuva\OneDrive\Documents\AD_staging-main\data\oasis_subset\very mild demented\OAS1_0352_MR1_mpr-2_109.jpg,very mild demented,OAS1_0352_MR1_mpr-2_109.jpg,Very Mild Demented,1,OAS1_0352,MR1,mpr-2,109,True,False,,0.4972422813710789,ca00716fc1cd03765e495e5c28ba89f4c3c23b50da3f12f853c2336ef1093f87,,38647c7c7c7c7838,6.009315435805888,subject_quota=8; scan_quota=3 (MR1/mpr-2); slice_region=100-109; norm_quality=0.545; pick_round=7,8,3,100-109,0.5446994535519125,False,14979,496,248,3,,41.042388916015625,46.39893341064453,0.0,255.0,0.6691597294484911,0.5886039932362123,205.72183227539065,46.39893341064453,,53,1.0,0.8867924528301887,0.23776077184836267,0.098,0.18242552380635635,0.0,5,53
oasis_subset\very mild demented\OAS1_0161_MR1_mpr-3_130.jpg,C:\Users\bhuva\OneDrive\Documents\AD_staging-main\data\oasis_subset\very mild demented\OAS1_0161_MR1_mpr-3_130.jpg,very mild demented,OAS1_0161_MR1_mpr-3_130.jpg,Very Mild Demented,1,OAS1_0161,MR1,mpr-3,130,True,False,,0.4742052416889802,bbc9965a44e0d63cc2fa1ac6ca01f516f0dde70e1d54a3cebab3671f49acd7ec,,30387c7c7c7c7c30,5.739582136689483,subject_quota=8; scan_quota=2 (MR1/mpr-3); slice_region=130-139; norm_quality=0.469; pick_round=7,8,2,130-139,0.4693624772313297,False,14754,496,248,3,,40.21132659912109,46.08808135986328,0.0,255.0,0.6944426378772113,0.5411274063475546,214.73731994628903,46.08808135986328,,54,1.0,0.9259259259259259,0.3977876543605815,0.038,0.6224593312018546,0.0,3,54
oasis_subset\very mild demented\OAS1_0233_MR1_mpr-2_147.jpg,C:\Users\bhuva\OneDrive\Documents\AD_staging-main\data\oasis_subset\very mild demented\OAS1_0233_MR1_mpr-2_147.jpg,very mild demented,OAS1_0233_MR1_mpr-2_147.jpg,Very Mild Demented,1,OAS1_0233,MR1,mpr-2,147,True,False,,0.4516172434541509,b3758c1eb572f47031e205f38651fcb65550aa95f6688e8023454950de90bc75,,107c7c7c7c7c3c30,5.703918212287202,subject_quota=8; scan_quota=2 (MR1/mpr-2); slice_region=140-149; norm_quality=0.388; pick_round=6,8,2,140-149,0.3881967213114754,False,15451,496,248,3,,39.99834060668945,44.334228515625,0.0,252.0,0.714644575962539,0.5730115114464099,212.2798614501953,44.334228515625,,55,1.0,0.8836363636363636,0.2531295249271673,0.01,0.3775406687981454,0.0,4,55
oasis_subset\very mild demented\OAS1_0287_MR1_mpr-4_108.jpg,C:\Users\bhuva\OneDrive\Documents\AD_staging-main\data\oasis_subset\very mild demented\OAS1_0287_MR1_mpr-4_108.jpg,very mild demented,OAS1_0287_MR1_mpr-4_108.jpg,Very Mild Demented,1,OAS1_0287,MR1,mpr-4,108,True,False,,0.5736719425849339,9772c6da84045042e8e4547b3ab48e8a27be9a80f0df1880aeb1147042af05b9,,087c7c7c7c7c7818,5.697337936190483,subject_quota=8; scan_quota=2 (MR1/mpr-4); slice_region=100-109; norm_quality=0.774; pick_round=1,8,2,100-109,0.7743533697632058,False,15268,496,248,3,,40.818946838378906,49.24480056762695,0.0,255.0,0.6374300858480749,0.5380950832466181,235.8943328857422,49.24480056762695,,56,1.0,0.9071428571428571,0.20800227896575177,0.318,0.6224593312018546,0.0,3,56
oasis_subset\very mild demented\OAS1_0298_MR1_mpr-1_113.jpg,C:\Users\bhuva\OneDrive\Documents\AD_staging-main\data\oasis_subset\very mild demented\OAS1_0298_MR1_mpr-1_113.jpg,very mild demented,OAS1_0298_MR1_mpr-1_113.jpg,Very Mild Demented,1,OAS1_0298,MR1,mpr-1,113,True,False,,0.5847388783442221,2c80f9ccc73e97b86db3b2501a00a5ed98d53c456772e4a878e542e371c81ae1,,287c7c7c7c7c7c08,5.675959497470801,subject_quota=8; scan_quota=2 (MR1/mpr-1); slice_region=110-119; norm_quality=0.803; pick_round=3,8,2,110-119,0.8029872495446266,False,15782,496,248,3,,43.95218276977539,48.375675201416016,0.0,251.0,0.668509365244537,0.5783119797086368,239.4027862548828,48.375675201416016,,57,1.0,0.9017543859649123,0.17293461524314852,0.36,0.6224593312018546,0.0,3,57
oasis_subset\very mild demented\OAS1_0066_MR1_mpr-4_117.jpg,C:\Users\bhuva\OneDrive\Documents\AD_staging-main\data\oasis_subset\very mild demented\OAS1_0066_MR1_mpr-4_117.jpg,very mild demented,OAS1_0066_MR1_mpr-4_117.jpg,Very Mild Demented,1,OAS1_0066,MR1,mpr-4,117,True,False,,0.5589129882437323,819169fec96c845ef3749ca1c0d583b143d11c463f3277dbc9a5d4943d51246c,,30787c7c7c7c7830,5.370761364824155,subject_quota=8; scan_quota=2 (MR1/mpr-4); slice_region=110-119; norm_quality=0.732; pick_round=1,8,2,110-119,0.732167577413479,False,15489,496,248,3,,45.6306266784668,48.807167053222656,0.0,255.0,0.697231074401665,0.6092774453694069,202.7069702148437,48.807167053222656,,58,1.0,0.903448275862069,0.20330278904214058,0.24,0.8175744761936437,0.0,2,58
oasis_subset\very mild demented\OAS1_0015_MR1_mpr-1_152.jpg,C:\Users\bhuva\OneDrive\Documents\AD_staging-main\data\oasis_subset\very mild demented\OAS1_0015_MR1_mpr-1_152.jpg,very mild demented,OAS1_0015_MR1_mpr-1_152.jpg,Very Mild Demented,1,OAS1_0015,MR1,mpr-1,152,True,False,,0.7045993970147544,7a6ddf0729c66f7df6c069dcc591bc061e852c140558c4e35182449dd48576b0,,2874767e687c742c,5.088044306514615,subject_quota=9; scan_quota=3 (MR1/mpr-1); slice_region=150-160; norm_quality=0.958; pick_round=3,9,3,150-160,0.957887067395264,False,16930,496,248,3,,47.512428283691406,48.41705703735352,0.0,253.0,0.6959547346514048,0.6320239334027055,296.7673034667969,48.41705703735352,,59,0.5,0.8983050847457628,0.3364058757026127,0.822,0.02931223075135632,0.0,7,59
oasis_subset\very mild demented\OAS1_0205_MR1_mpr-2_140.jpg,C:\Users\bhuva\OneDrive\Documents\AD_staging-main\data\oasis_subset\very mild demented\OAS1_0205_MR1_mpr-2_140.jpg,very mild demented,OAS1_0205_MR1_mpr-2_140.jpg,Very Mild Demented,1,OAS1_0205,MR1,mpr-2,140,True,False,,0.778887954801504,8079686c1df1829ca62bca9f279b7cbf983c3dca3086fcec6f140c4f63b503ce,,38745e7e1c5e7428,5.02408715295342,subject_quota=9; scan_quota=3 (MR1/mpr-2); slice_region=140-149; norm_quality=0.986; pick_round=1,9,3,140-149,0.986448087431694,False,19685,496,248,3,,51.32062911987305,45.87602233886719,0.0,248.0,0.7977204734651405,0.7022470083246618,354.9820861816406,45.87602233886719,,60,0.5,0.8866666666666667,0.23728566376931765,0.93,0.02931223075135632,0.0,7,60
oasis_subset\very mild demented\OAS1_0312_MR1_mpr-1_160.jpg,C:\Users\bhuva\OneDrive\Documents\AD_staging-main\data\oasis_subset\very mild demented\OAS1_0312_MR1_mpr-1_160.jpg,very mild demented,OAS1_0312_MR1_mpr-1_160.jpg,Very Mild Demented,1,OAS1_0312,MR1,mpr-1,160,True,False,,0.7609550352728798,d5c79ade19e5a772945869cbc8527276dfb732859dc969b34220cea1b0226b04,,306c747c7c7c6478,5.025493683049371,subject_quota=9; scan_quota=2 (MR1/mpr-1); slice_region=150-160; norm_quality=0.980; pick_round=8,9,2,150-160,0.9798178506375228,False,17238,496,248,3,,50.5332260131836,53.39308166503906,0.0,253.0,0.713864138917794,0.6110740764828304,269.4700927734375,53.39308166503906,,61,0.5,0.8950819672131147,0.5255857007528382,0.9,0.3775406687981454,0.0,4,61
oasis_subset\very mild demented\OAS1_0290_MR1_mpr-3_100.jpg,C:\Users\bhuva\OneDrive\Documents\AD_staging-main\data\oasis_subset\very mild demented\OAS1_0290_MR1_mpr-3_100.jpg,very mild demented,OAS1_0290_MR1_mpr-3_100.jpg,Very Mild Demented,1,OAS1_0290,MR1,mpr-3,100,True,False,,0.6965908530026593,59b6cdef076aeeb6a22f6689a09b7357a5f10c89b751e932bd9cfd8da7565db1,,385c7c7e36745858,4.998625174182561,subject_quota=8; scan_quota=2 (MR1/mpr-3); slice_region=100-109; norm_quality=0.954; pick_round=7,8,2,100-109,0.9541712204007284,False,17697,496,248,3,,40.87385559082031,43.80307769775391,0.0,252.0,0.6832563735691988,0.6138625130072841,367.5013122558594,43.80307769775391,,62,0.5,0.9290322580645161,0.2331633258892542,0.804,0.01098694263059318,0.0,8,62
oasis_subset\very mild demented\OAS1_0272_MR1_mpr-1_134.jpg,C:\Users\bhuva\OneDrive\Documents\AD_staging-main\data\oasis_subset\very mild demented\OAS1_0272_MR1_mpr-1_134.jpg,very mild demented,OAS1_0272_MR1_mpr-1_134.jpg,Very Mild Demented,1,OAS1_0272,MR1,mpr-1,134,True,False,,0.6794352457296109,df744f10f876bfc8a04a8680ffa0e713189ca6a926c3ea895bfd67f02094d8b0,,007c7e5e5c7c7c30,4.972320865548424,subject_quota=9; scan_quota=2 (MR1/mpr-1); slice_region=130-139; norm_quality=0.944; pick_round=3,9,2,130-139,0.9435336976320584,False,17019,496,248,3,,50.59305191040039,49.97315979003906,0.0,254.0,0.7423257023933403,0.6329425728407908,256.3869323730469,49.97315979003906,,63,0.5,0.892063492063492,0.3448157982416258,0.762,0.07585818002124355,0.0,6,63
oasis_subset\very mild demented\OAS1_0263_MR1_mpr-3_107.jpg,C:\Users\bhuva\OneDrive\Documents\AD_staging-main\data\oasis_subset\very mild demented\OAS1_0263_MR1_mpr-3_107.jpg,very mild demented,OAS1_0263_MR1_mpr-3_107.jpg,Very Mild Demented,1,OAS1_0263,MR1,mpr-3,107,True,False,,0.7077714527763346,8d5ea1e55fa4d030aaa4d4668850e2753a94d52ab3e0335303c7d57be100e9d4,,6864f4dcd8fc6468,4.964623865371536,subject_quota=9; scan_quota=2 (MR1/mpr-3); slice_region=100-109; norm_quality=0.959; pick_round=4,9,2,100-109,0.9590528233151184,False,18401,496,248,3,,48.90630722045898,46.20811462402344,0.0,253.0,0.747967611862643,0.6758503511966701,313.3611755371094,46.20811462402344,,64,0.5,0.925,0.19361685548737384,0.826,0.0015011822567369917,0.0,10,64
oasis_subset\very mild demented\OAS1_0120_MR1_mpr-2_130.jpg,C:\Users\bhuva\OneDrive\Documents\AD_staging-main\data\oasis_subset\very mild demented\OAS1_0120_MR1_mpr-2_130.jpg,very mild demented,OAS1_0120_MR1_mpr-2_130.jpg,Very Mild Demented,1,OAS1_0120,MR1,mpr-2,130,True,False,,0.6817368231721241,b0331c63f217d60d6930e51e63400790ca1c0f324f714cfd455d45fec6cfc14a,,2c747e54567e7428,4.943949008206696,subject_quota=9; scan_quota=2 (MR1/mpr-2); slice_region=130-139; norm_quality=0.946; pick_round=2,9,2,130-139,0.9455009107468124,False,18879,496,248,3,,45.87416076660156,41.18621826171875,0.0,255.0,0.7439922606659729,0.691889958376691,363.7450256347656,41.18621826171875,,65,0.5,0.8892307692307693,0.2831080976710244,0.776,0.02931223075135632,0.0,7,65
oasis_subset\very mild demented\OAS1_0084_MR1_mpr-4_128.jpg,C:\Users\bhuva\OneDrive\Documents\AD_staging-main\data\oasis_subset\very mild demented\OAS1_0084_MR1_mpr-4_128.jpg,very mild demented,OAS1_0084_MR1_mpr-4_128.jpg,Very Mild Demented,1,OAS1_0084,MR1,mpr-4,128,True,False,,0.6618789222529031,47cae471734a8ab13e1124adc142bd312bbcb8866a4516df9777066e4d19ae8f,,207c7e747e7c3c18,4.865971282327306,subject_quota=9; scan_quota=3 (MR1/mpr-4); slice_region=120-129; norm_quality=0.930; pick_round=5,9,3,120-129,0.9295446265938068,False,16816,496,248,3,,46.038818359375,49.17750549316406,0.0,255.0,0.7070922216441207,0.644559703433923,251.5575408935547,49.17750549316406,,66,0.5,0.9090909090909091,0.28721285301408855,0.708,0.07585818002124355,0.0,6,66
oasis_subset\very mild demented\OAS1_0021_MR1_mpr-2_120.jpg,C:\Users\bhuva\OneDrive\Documents\AD_staging-main\data\oasis_subset\very mild demented\OAS1_0021_MR1_mpr-2_120.jpg,very mild demented,OAS1_0021_MR1_mpr-2_120.jpg,Very Mild Demented,1,OAS1_0021,MR1,mpr-2,120,True,False,,0.6851274158425356,74805a2218c36afaa828431c4054f75e2c8257d686f4693bfecc882ee69ad206,,307c7eccccfe6c60,4.857543854088475,subject_quota=9; scan_quota=2 (MR1/mpr-2); slice_region=120-129; norm_quality=0.948; pick_round=2,9,2,120-129,0.9476867030965392,False,17999,496,248,3,,44.40804672241211,45.25190353393555,0.0,252.0,0.7600887747138397,0.6543232960457857,321.3670349121094,45.25190353393555,,67,0.5,0.8865671641791044,0.2041406291702011,0.78,0.0015011822567369917,0.0,10,67
oasis_subset\very mild demented\OAS1_0307_MR1_mpr-3_110.jpg,C:\Users\bhuva\OneDrive\Documents\AD_staging-main\data\oasis_subset\very mild demented\OAS1_0307_MR1_mpr-3_110.jpg,very mild demented,OAS1_0307_MR1_mpr-3_110.jpg,Very Mild Demented,1,OAS1_0307,MR1,mpr-3,110,True,False,,0.7882324706326983,05e1d452e7be83bdd635d1f7fc0bfc243c7fecadfe95d70caaea7ae157eab6e6,,3c6c7678787c6c2c,4.833105487408674,subject_quota=9; scan_quota=2 (MR1/mpr-3); slice_region=110-119; norm_quality=0.991; pick_round=6,9,2,110-119,0.9907468123861568,False,16345,496,248,3,,41.74289321899414,53.978057861328125,0.0,250.0,0.6330157388137357,0.5043980879292403,323.72088623046875,53.978057861328125,,68,0.5,0.9235294117647059,0.17263819444674766,0.946,0.18242552380635635,0.0,5,68
oasis_subset\very mild demented\OAS1_0042_MR1_mpr-3_156.jpg,C:\Users\bhuva\OneDrive\Documents\AD_staging-main\data\oasis_subset\very mild demented\OAS1_0042_MR1_mpr-3_156.jpg,very mild demented,OAS1_0042_MR1_mpr-3_156.jpg,Very Mild Demented,1,OAS1_0042,MR1,mpr-3,156,True,False,,0.6345287944219026,c95a36d400a13db27547cca1415d2485a0ffd7db289ba5cd11358db81a1ea45a,,307c7c7c247e7c28,4.804212796616984,subject_quota=9; scan_quota=2 (MR1/mpr-3); slice_region=150-160; norm_quality=0.898; pick_round=4,9,2,150-160,0.8981420765027323,False,18008,496,248,3,,48.89628219604492,44.77606201171875,0.0,253.0,0.7643161420395421,0.6854269640998959,281.4587707519531,44.77606201171875,,69,0.5,0.9188405797101449,0.30237430195239506,0.604,0.07585818002124355,0.0,6,69
oasis_subset\very mild demented\OAS1_0243_MR1_mpr-4_104.jpg,C:\Users\bhuva\OneDrive\Documents\AD_staging-main\data\oasis_subset\very mild demented\OAS1_0243_MR1_mpr-4_104.jpg,very mild demented,OAS1_0243_MR1_mpr-4_104.jpg,Very Mild Demented,1,OAS1_0243,MR1,mpr-4,104,True,False,,0.6513444233503252,f43f225d20474768c7084f28ad61fd7eee9806381c927c0c347ed3ff044d94bc,,38587c76367c5c2c,4.780549256361156,subject_quota=9; scan_quota=3 (MR1/mpr-4); slice_region=100-109; norm_quality=0.918; pick_round=5,9,3,100-109,0.917959927140255,False,16761,496,248,3,,42.361602783203125,46.10622787475586,0.0,253.0,0.6636804110301769,0.6114561654526535,303.9402160644531,46.10622787475586,,70,0.5,0.9085714285714286,0.20306048682349528,0.672,0.01098694263059318,0.0,8,70
oasis_subset\very mild demented\OAS1_0304_MR1_mpr-3_130.jpg,C:\Users\bhuva\OneDrive\Documents\AD_staging-main\data\oasis_subset\very mild demented\OAS1_0304_MR1_mpr-3_130.jpg,very mild demented,OAS1_0304_MR1_mpr-3_130.jpg,Very Mild Demented,1,OAS1_0304,MR1,mpr-3,130,True,False,,0.6922370137730348,c27dbf506ddba65534ad09ef945d48891c39eedc4c2c4533d18d5bd819de59a7,,28747c7c3c7c7468,4.710191542354268,subject_quota=9; scan_quota=2 (MR1/mpr-3); slice_region=130-139; norm_quality=0.952; pick_round=8,9,2,130-139,0.9519125683060108,False,17032,496,248,3,,43.47344970703125,47.46058654785156,0.0,251.0,0.671037656087409,0.5985870837669095,316.6605224609375,47.46058654785156,,71,0.5,0.9154929577464789,0.20407750354834553,0.792,0.18242552380635635,0.0,5,71
oasis_subset\very mild demented\OAS1_0315_MR1_mpr-3_111.jpg,C:\Users\bhuva\OneDrive\Documents\AD_staging-main\data\oasis_subset\very mild demented\OAS1_0315_MR1_mpr-3_111.jpg,very mild demented,OAS1_0315_MR1_mpr-3_111.jpg,Very Mild Demented,1,OAS1_0315,MR1,mpr-3,111,True,False,,0.6941994074667472,983908d39480e85b645b501659950e304a4fd02a39918569228141dbb0e4ef51,,387c6c7c747c4878,4.649478967697441,subject_quota=9; scan_quota=2 (MR1/mpr-3); slice_region=110-119; norm_quality=0.953; pick_round=7,9,2,110-119,0.953224043715847,False,15448,496,248,3,,38.42565536499024,51.51964569091797,0.0,255.0,0.5893519120707597,0.4754812695109261,309.20806884765625,51.51964569091797,,72,0.5,0.9111111111111111,0.16544491594528113,0.798,0.18242552380635635,0.0,5,72
oasis_subset\very mild demented\OAS1_0082_MR1_mpr-2_131.jpg,C:\Users\bhuva\OneDrive\Documents\AD_staging-main\data\oasis_subset\very mild demented\OAS1_0082_MR1_mpr-2_131.jpg,very mild demented,OAS1_0082_MR1_mpr-2_131.jpg,Very Mild Demented,1,OAS1_0082,MR1,mpr-2,131,True,True,extremely_bright,0.8078608051627937,69940b01d135e6d23303c1d1292811f0f9313e9d9f56b514a1064ef57578644d,,24747c7c7c7c443c,4.652448066723355,subject_quota=9; scan_quota=2 (MR1/mpr-2); slice_region=130-139; norm_quality=0.999; pick_round=6,9,2,130-139,0.998542805100182,False,21572,496,248,3,,52.87119674682617,46.419715881347656,0.0,255.0,0.9659290452653486,0.6927760796045785,380.70257568359375,46.419715881347656,,73,0.5,0.8904109589041096,0.19110397644559135,0.976,0.07585818002124355,0.0,6,73
oasis_subset\very mild demented\OAS1_0142_MR1_mpr-4_109.jpg,C:\Users\bhuva\OneDrive\Documents\AD_staging-main\data\oasis_subset\very mild demented\OAS1_0142_MR1_mpr-4_109.jpg,very mild demented,OAS1_0142_MR1_mpr-4_109.jpg,Very Mild Demented,1,OAS1_0142,MR1,mpr-4,109,True,False,,0.6528764295038607,252dcd5661bde4a9dfc80206cab3cb61ed7ac49f6b16af5e782837e0704f1798,,087c7e7c787e3c28,4.606667353243641,subject_quota=9; scan_quota=2 (MR1/mpr-4); slice_region=100-109; norm_quality=0.920; pick_round=7,9,2,100-109,0.9195628415300546,False,17943,496,248,3,,44.85717010498047,44.46935272216797,0.0,251.0,0.7347652185223725,0.6476489334027055,314.1324462890625,44.46935272216797,,74,0.5,0.9081081081081082,0.1329873014396472,0.682,0.07585818002124355,0.0,6,74
oasis_subset\very mild demented\OAS1_0115_MR1_mpr-1_121.jpg,C:\Users\bhuva\OneDrive\Documents\AD_staging-main\data\oasis_subset\very mild demented\OAS1_0115_MR1_mpr-1_121.jpg,very mild demented,OAS1_0115_MR1_mpr-1_121.jpg,Very Mild Demented,1,OAS1_0115,MR1,mpr-1,121,True,False,,0.8019806003291525,658a5765597dc667193368297ea8f5066ca32c20ed234ae5a69b00fbad2158bc,,387c7cf0747c7c08,4.597736650311931,subject_quota=9; scan_quota=3 (MR1/mpr-1); slice_region=120-129; norm_quality=0.997; pick_round=5,9,3,120-129,0.9970856102003643,False,18536,496,248,3,,46.75590133666992,47.55843353271485,0.0,255.0,0.7129536290322581,0.642925663371488,398.1713562011719,47.55843353271485,,75,0.5,0.904,0.18719030158869798,0.962,0.3775406687981454,0.0,4,75
oasis_subset\very mild demented\OAS1_0155_MR1_mpr-4_111.jpg,C:\Users\bhuva\OneDrive\Documents\AD_staging-main\data\oasis_subset\very mild demented\OAS1_0155_MR1_mpr-4_111.jpg,very mild demented,OAS1_0155_MR1_mpr-4_111.jpg,Very Mild Demented,1,OAS1_0155,MR1,mpr-4,111,True,False,,0.6362082697745357,72ee828d059d25d0fdc909d90d51d7a33a5b0e1735088b8806d89f386e19b0c5,,2c6c7e7070767c2c,4.537865914958053,subject_quota=9; scan_quota=2 (MR1/mpr-4); slice_region=110-119; norm_quality=0.900; pick_round=6,9,2,110-119,0.9004007285974499,False,15666,496,248,3,,41.0455322265625,50.48073196411133,0.0,252.0,0.6440963189386056,0.5437938995837669,257.1322937011719,50.48073196411133,,76,0.5,0.9052631578947369,0.13491294325583267,0.616,0.07585818002124355,0.0,6,76
oasis_subset\very mild demented\OAS1_0094_MR1_mpr-3_134.jpg,C:\Users\bhuva\OneDrive\Documents\AD_staging-main\data\oasis_subset\very mild demented\OAS1_0094_MR1_mpr-3_134.jpg,very mild demented,OAS1_0094_MR1_mpr-3_134.jpg,Very Mild Demented,1,OAS1_0094,MR1,mpr-3,134,True,False,,0.626631722972554,cc7a785ca4c4e2acbea167ad4334c76030702ba9572b3069c754d5b75918aa00,,083c7c7e7e7e7c00,4.53554617732179,subject_quota=9; scan_quota=2 (MR1/mpr-3); slice_region=130-139; norm_quality=0.887; pick_round=8,9,2,130-139,0.8871402550091074,False,17212,496,248,3,,46.67042922973633,46.67520904541016,0.0,255.0,0.7684540842872009,0.6432752341311134,265.5929260253906,46.67520904541016,,77,0.5,0.9116883116883117,0.24738678827292815,0.56,0.18242552380635635,0.0,5,77
oasis_subset\very mild demented\OAS1_0286_MR1_mpr-1_124.jpg,C:\Users\bhuva\OneDrive\Documents\AD_staging-main\data\oasis_subset\very mild demented\OAS1_0286_MR1_mpr-1_124.jpg,very mild demented,OAS1_0286_MR1_mpr-1_124.jpg,Very Mild Demented,1,OAS1_0286,MR1,mpr-1,124,True,False,,0.635654887784441,8fdeed5428f7beb906ae0e1d4b8c3aadaef232966fd5929dcaa7568a6633a435,,003c6e7c787e7c38,4.5336005153148555,subject_quota=9; scan_quota=2 (MR1/mpr-1); slice_region=120-129; norm_quality=0.899; pick_round=2,9,2,120-129,0.8993078324225865,False,15652,496,248,3,,38.715946197509766,50.37129211425781,0.0,251.0,0.6263820239334027,0.4753349375650364,287.02606201171875,50.37129211425781,,78,0.5,0.9025641025641026,0.22492195882109703,0.61,0.18242552380635635,0.0,5,78
oasis_subset\very mild demented\OAS1_0124_MR1_mpr-2_115.jpg,C:\Users\bhuva\OneDrive\Documents\AD_staging-main\data\oasis_subset\very mild demented\OAS1_0124_MR1_mpr-2_115.jpg,very mild demented,OAS1_0124_MR1_mpr-2_115.jpg,Very Mild Demented,1,OAS1_0124,MR1,mpr-2,115,True,False,,0.6237757312836829,142373000e39a6fbcfe2ffb32d0924e7254913193a0e4752851d5cafcef41f6f,,087c745e767c3c2c,4.507809698548647,subject_quota=8; scan_quota=2 (MR1/mpr-2); slice_region=110-119; norm_quality=0.882; pick_round=2,8,2,110-119,0.8822586520947177,False,17220,496,248,3,,43.79073715209961,46.38633346557617,0.0,255.0,0.7325133324661811,0.6297232700312175,273.63494873046875,46.38633346557617,,79,0.5,0.8936708860759494,0.13310150482421396,0.534,0.01098694263059318,0.0,8,79
oasis_subset\very mild demented\OAS1_0023_MR1_mpr-4_102.jpg,C:\Users\bhuva\OneDrive\Documents\AD_staging-main\data\oasis_subset\very mild demented\OAS1_0023_MR1_mpr-4_102.jpg,very mild demented,OAS1_0023_MR1_mpr-4_102.jpg,Very Mild Demented,1,OAS1_0023,MR1,mpr-4,102,True,False,,0.6199887513060156,e7e7e20e7873b4f40c5dc5569c32b4a5e3737fc698a7ba9aaa1cb1877884fba9,,387c7c3e745c5c28,4.492157891958726,subject_quota=9; scan_quota=3 (MR1/mpr-4); slice_region=100-109; norm_quality=0.877; pick_round=9,9,3,100-109,0.8765027322404372,False,16681,496,248,3,,39.19822311401367,44.104793548583984,0.0,249.0,0.6529250130072841,0.5916363163371487,320.9048156738281,44.104793548583984,,80,0.5,0.905,0.17279180518953982,0.514,0.07585818002124355,0.0,6,80
oasis_subset\very mild demented\OAS1_0046_MR1_mpr-4_126.jpg,C:\Users\bhuva\OneDrive\Documents\AD_staging-main\data\oasis_subset\very mild demented\OAS1_0046_MR1_mpr-4_126.jpg,very mild demented,OAS1_0046_MR1_mpr-4_126.jpg,Very Mild Demented,1,OAS1_0046,MR1,mpr-4,126,True,False,,0.6042287794744059,cc78be72f1ad6565fcc3f56541e42ccd6aa3fcd8eb6d30939f2ddb998d55e422,,083c7e7e76767438,4.4457830374450875,subject_quota=9; scan_quota=3 (MR1/mpr-4); slice_region=120-129; norm_quality=0.846; pick_round=9,9,3,120-129,0.8464845173041894,False,16309,496,248,3,,43.50537490844727,47.39083480834961,0.0,252.0,0.6754845213319459,0.5866691597294484,263.611572265625,47.39083480834961,,81,0.5,0.9012345679012346,0.18956247796383405,0.45,0.07585818002124355,0.0,6,81
oasis_subset\very mild demented\OAS1_0210_MR1_mpr-2_105.jpg,C:\Users\bhuva\OneDrive\Documents\AD_staging-main\data\oasis_subset\very mild demented\OAS1_0210_MR1_mpr-2_105.jpg,very mild demented,OAS1_0210_MR1_mpr-2_105.jpg,Very Mild Demented,1,OAS1_0210,MR1,mpr-2,105,True,False,,0.596360857350033,ae09188c51d09284f1520041eeefdc8b278e521142e0d102344a33d04be397b8,,2c747c7e5c5c7c3c,4.427010705207041,subject_quota=9; scan_quota=2 (MR1/mpr-2); slice_region=100-109; norm_quality=0.830; pick_round=2,9,2,100-109,0.829872495446266,False,17163,496,248,3,,44.67257308959961,46.02138519287109,0.0,255.0,0.7786729318418314,0.6335279006243496,259.0615539550781,46.02138519287109,,82,0.5,0.8926829268292682,0.1752130188015286,0.414,0.02931223075135632,0.0,7,82
oasis_subset\very mild demented\OAS1_0143_MR1_mpr-2_116.jpg,C:\Users\bhuva\OneDrive\Documents\AD_staging-main\data\oasis_subset\very mild demented\OAS1_0143_MR1_mpr-2_116.jpg,very mild demented,OAS1_0143_MR1_mpr-2_116.jpg,Very Mild Demented,1,OAS1_0143,MR1,mpr-2,116,True,False,,0.6196098860025505,ea7459b5f79348ee9f23647e731ce46702c981dfcd40fed2b5c4d587d90366ae,,30747c7c587e7438,4.404268961380985,subject_quota=9; scan_quota=2 (MR1/mpr-2); slice_region=110-119; norm_quality=0.876; pick_round=6,9,2,110-119,0.8762112932604735,False,16639,496,248,3,,47.764404296875,47.46150207519531,0.0,255.0,0.7127341311134235,0.6384869276795005,251.20773315429688,47.46150207519531,,83,0.5,0.889156626506024,0.1366570160138477,0.512,0.07585818002124355,0.0,6,83
oasis_subset\very mild demented\OAS1_0273_MR1_mpr-1_133.jpg,C:\Users\bhuva\OneDrive\Documents\AD_staging-main\data\oasis_subset\very mild demented\OAS1_0273_MR1_mpr-1_133.jpg,very mild demented,OAS1_0273_MR1_mpr-1_133.jpg,Very Mild Demented,1,OAS1_0273,MR1,mpr-1,133,True,False,,0.5604108224653042,bd232e366f40e845ba44988af1cf96f8c88a30ab4b79a30c24c8acf44bc2b701,,6078fc6cecfc7860,4.318403424721735,subject_quota=8; scan_quota=3 (MR1/mpr-1); slice_region=130-139; norm_quality=0.736; pick_round=2,8,3,130-139,0.7358834244080146,False,15917,496,248,3,,43.41814422607422,47.31693649291992,0.0,255.0,0.6963286940686785,0.5894575962539021,234.1319580078125,47.31693649291992,,84,0.5,0.9047619047619048,0.19870286100631881,0.246,0.02931223075135632,0.0,7,84
oasis_subset\very mild demented\OAS1_0380_MR1_mpr-1_103.jpg,C:\Users\bhuva\OneDrive\Documents\AD_staging-main\data\oasis_subset\very mild demented\OAS1_0380_MR1_mpr-1_103.jpg,very mild demented,OAS1_0380_MR1_mpr-1_103.jpg,Very Mild Demented,1,OAS1_0380,MR1,mpr-1,103,True,False,,0.574658266366945,dac69c8cf905070b99a0e2867e4e860a34b15fa7293d950099f95ad5a6a32b45,,182c6c7c7c787e1c,4.298680805356505,subject_quota=9; scan_quota=2 (MR1/mpr-1); slice_region=100-109; norm_quality=0.778; pick_round=7,9,2,100-109,0.7777049180327869,False,15034,496,248,3,,35.77348709106445,49.25214767456055,0.0,255.0,0.6143502861602498,0.4550191857440167,271.2024841308594,49.25214767456055,,85,0.5,0.9011764705882352,0.1410016936224759,0.32,0.02931223075135632,0.0,7,85
oasis_subset\very mild demented\OAS1_0158_MR1_mpr-3_135.jpg,C:\Users\bhuva\OneDrive\Documents\AD_staging-main\data\oasis_subset\very mild demented\OAS1_0158_MR1_mpr-3_135.jpg,very mild demented,OAS1_0158_MR1_mpr-3_135.jpg,Very Mild Demented,1,OAS1_0158,MR1,mpr-3,135,True,False,,0.5908336736184977,a5d8e547f1b90f75fd0369fa00574d3f230aed41e2e1d56a1c83adc054c448b5,,087c7e5c747e7c08,4.294245214125598,subject_quota=9; scan_quota=3 (MR1/mpr-3); slice_region=130-139; norm_quality=0.816; pick_round=9,9,3,130-139,0.8164663023679417,False,17311,496,248,3,,44.23185348510742,44.69698333740234,0.0,250.0,0.7250585327783559,0.6514860822060354,267.5044250488281,44.69698333740234,,86,0.5,0.9162790697674419,0.19506513498712189,0.388,0.18242552380635635,0.0,5,86
oasis_subset\very mild demented\OAS1_0217_MR1_mpr-2_119.jpg,C:\Users\bhuva\OneDrive\Documents\AD_staging-main\data\oasis_subset\very mild demented\OAS1_0217_MR1_mpr-2_119.jpg,very mild demented,OAS1_0217_MR1_mpr-2_119.jpg,Very Mild Demented,1,OAS1_0217,MR1,mpr-2,119,True,False,,0.6578185250916155,42fcb80ca485db02830845bbe4b68974670630c3a961ed4a651097afce23a99a,,387c7e5c587c7c38,4.2489665740865945,subject_quota=9; scan_quota=2 (MR1/mpr-2); slice_region=110-119; norm_quality=0.925; pick_round=4,9,2,110-119,0.9245901639344264,False,16302,496,248,3,,44.59230422973633,50.220062255859375,0.0,255.0,0.6812239854318418,0.5806858090530698,260.0736389160156,50.220062255859375,,87,0.5,0.8896551724137931,0.15113668767096544,0.696,0.3775406687981454,0.0,4,87
oasis_subset\very mild demented\OAS1_0240_MR1_mpr-1_158.jpg,C:\Users\bhuva\OneDrive\Documents\AD_staging-main\data\oasis_subset\very mild demented\OAS1_0240_MR1_mpr-1_158.jpg,very mild demented,OAS1_0240_MR1_mpr-1_158.jpg,Very Mild Demented,1,OAS1_0240,MR1,mpr-1,158,True,False,,0.6759505853408743,395c77dbf788ca8536e8cbd981632f554c3e60f14d1e0d64878615c484e0a4ec,,38347c7c7c7c7428,4.2146793801010345,subject_quota=9; scan_quota=3 (MR1/mpr-1); slice_region=150-160; norm_quality=0.941; pick_round=2,9,3,150-160,0.9406921675774136,False,16317,496,248,3,,49.70927047729492,50.581241607666016,0.0,250.0,0.7048078173777316,0.615212018730489,252.4365234375,50.581241607666016,,88,0.5,0.9,0.27175371770912654,0.754,0.6224593312018546,0.0,3,88
oasis_subset\very mild demented\OAS1_0329_MR1_mpr-4_112.jpg,C:\Users\bhuva\OneDrive\Documents\AD_staging-main\data\oasis_subset\very mild demented\OAS1_0329_MR1_mpr-4_112.jpg,very mild demented,OAS1_0329_MR1_mpr-4_112.jpg,Very Mild Demented,1,OAS1_0329,MR1,mpr-4,112,True,False,,0.6484319210455664,723b89f96fa16ecfa93bae79c403431c06c842f7d69dd25dd729f18ce55d2d55,,287c7e5c787c7c1c,4.216797339852663,subject_quota=8; scan_quota=2 (MR1/mpr-4); slice_region=110-119; norm_quality=0.915; pick_round=1,8,2,110-119,0.9149726775956284,False,15710,496,248,3,,43.14997482299805,49.81194305419922,0.0,247.0,0.6703466441207075,0.5567280176899063,269.8562927246094,49.81194305419922,,89,0.5,0.9056179775280899,0.1297401242493693,0.664,0.3775406687981454,0.0,4,89
oasis_subset\very mild demented\OAS1_0098_MR1_mpr-3_107.jpg,C:\Users\bhuva\OneDrive\Documents\AD_staging-main\data\oasis_subset\very mild demented\OAS1_0098_MR1_mpr-3_107.jpg,very mild demented,OAS1_0098_MR1_mpr-3_107.jpg,Very Mild Demented,1,OAS1_0098,MR1,mpr-3,107,True,False,,0.5604936640469516,7880495b0039f678d58146df97e4c4ebb1dd16f331e848b6268caa8e60f3b413,,187c747c707c7c2c,4.197280339827091,subject_quota=8; scan_quota=2 (MR1/mpr-3); slice_region=100-109; norm_quality=0.736; pick_round=8,8,2,100-109,0.7363205828779599,False,16388,496,248,3,,41.01082229614258,45.183841705322266,0.0,255.0,0.6993122398543185,0.6055215920915713,259.14068603515625,45.183841705322266,,90,0.5,0.9155555555555556,0.13946602918860798,0.248,0.07585818002124355,0.0,6,90
oasis_subset\very mild demented\OAS1_0339_MR1_mpr-1_124.jpg,C:\Users\bhuva\OneDrive\Documents\AD_staging-main\data\oasis_subset\very mild demented\OAS1_0339_MR1_mpr-1_124.jpg,very mild demented,OAS1_0339_MR1_mpr-1_124.jpg,Very Mild Demented,1,OAS1_0339,MR1,mpr-1,124,True,False,,0.6321841884619895,6da4e924363473c1ccec916d913f8e506b3324c4ecdb52f6c755dd87e3e33064,,387c7c7c746c3c18,4.190671634162142,subject_quota=9; scan_quota=3 (MR1/mpr-1); slice_region=120-129; norm_quality=0.895; pick_round=1,9,3,120-129,0.8947905282331512,False,16089,496,248,3,,40.16676330566406,47.5130729675293,0.0,249.0,0.6589002341311134,0.5549232570239334,293.841064453125,47.5130729675293,,91,0.5,0.8989010989010988,0.17194549230610615,0.588,0.3775406687981454,0.0,4,91
oasis_subset\very mild demented\OAS1_0374_MR1_mpr-3_155.jpg,C:\Users\bhuva\OneDrive\Documents\AD_staging-main\data\oasis_subset\very mild demented\OAS1_0374_MR1_mpr-3_155.jpg,very mild demented,OAS1_0374_MR1_mpr-3_155.jpg,Very Mild Demented,1,OAS1_0374,MR1,mpr-3,155,True,False,,0.5903646643142348,234fc42a8db0342c44faa1b7a63bc506215bde909507ab7a1a6781a11e941f51,,382c7c7c7c7c6438,4.130058665318071,subject_quota=9; scan_quota=2 (MR1/mpr-3); slice_region=150-160; norm_quality=0.815; pick_round=6,9,2,150-160,0.8154462659380692,False,15896,496,248,3,,46.77421951293945,50.19593048095703,0.0,254.0,0.6992959807492196,0.5891242845993756,211.62705993652344,50.19593048095703,,92,0.5,0.9130434782608696,0.24734700741900909,0.386,0.3775406687981454,0.0,4,92
oasis_subset\very mild demented\OAS1_0362_MR1_mpr-4_122.jpg,C:\Users\bhuva\OneDrive\Documents\AD_staging-main\data\oasis_subset\very mild demented\OAS1_0362_MR1_mpr-4_122.jpg,very mild demented,OAS1_0362_MR1_mpr-4_122.jpg,Very Mild Demented,1,OAS1_0362,MR1,mpr-4,122,True,False,,0.6207358154818025,e3c56ea792fc65d04f9576ac2d14aa33ec2119e5bb53bb4b730224668ff22d6b,,186c7c7c747c6c38,4.1175338925747615,subject_quota=9; scan_quota=3 (MR1/mpr-4); slice_region=120-129; norm_quality=0.878; pick_round=9,9,3,120-129,0.8780327868852459,False,15258,496,248,3,,37.51116180419922,49.92377853393555,0.0,255.0,0.6297801768990635,0.4744244276795005,284.0383605957031,49.92377853393555,,93,0.5,0.9053763440860215,0.15855333769912122,0.522,0.3775406687981454,0.0,4,93
oasis_subset\very mild demented\OAS1_0263_MR1_mpr-2_112.jpg,C:\Users\bhuva\OneDrive\Documents\AD_staging-main\data\oasis_subset\very mild demented\OAS1_0263_MR1_mpr-2_112.jpg,very mild demented,OAS1_0263_MR1_mpr-2_112.jpg,Very Mild Demented,1,OAS1_0263,MR1,mpr-2,112,True,False,,0.7347975460050555,d6e04b96347542decc0e66a757fc96ce0a7bde3cf8e63faf3c02262f56433943,,7804f4fcfc7c6468,4.117615538844055,subject_quota=9; scan_quota=2 (MR1/mpr-2); slice_region=110-119; norm_quality=0.970; pick_round=6,9,2,110-119,0.9704918032786886,False,18143,496,248,3,,48.532989501953125,46.94096374511719,0.0,255.0,0.7279607830385015,0.6634690426638917,325.79888916015625,46.94096374511719,,94,0.3333333333333333,0.8936170212765957,0.11481522621581558,0.86,0.02931223075135632,0.0,7,94
oasis_subset\very mild demented\OAS1_0312_MR1_mpr-4_130.jpg,C:\Users\bhuva\OneDrive\Documents\AD_staging-main\data\oasis_subset\very mild demented\OAS1_0312_MR1_mpr-4_130.jpg,very mild demented,OAS1_0312_MR1_mpr-4_130.jpg,Very Mild Demented,1,OAS1_0312,MR1,mpr-4,130,True,False,,0.8038859851982025,b4fd2945679e3302ac4b9af26b0c4b870d385226307cd0f23fc5b97d58662c81,,387c7470707c7c78,4.110579663547844,subject_quota=9; scan_quota=3 (MR1/mpr-4); slice_region=130-139; norm_quality=0.998; pick_round=9,9,3,130-139,0.9976684881602914,False,17290,496,248,3,,51.13466644287109,57.91265487670898,0.0,252.0,0.6733139308012487,0.5810191207075962,295.7484741210937,57.91265487670898,,95,0.3333333333333333,0.9031578947368422,0.14656077950081506,0.97,0.18242552380635635,0.0,5,95
oasis_subset\very mild demented\OAS1_0166_MR1_mpr-2_160.jpg,C:\Users\bhuva\OneDrive\Documents\AD_staging-main\data\oasis_subset\very mild demented\OAS1_0166_MR1_mpr-2_160.jpg,very mild demented,OAS1_0166_MR1_mpr-2_160.jpg,Very Mild Demented,1,OAS1_0166,MR1,mpr-2,160,True,False,,0.6325222807730582,41db4b6836d1eaec0e1a88754e2c1e0430aa953d768eb52a6ee516c363b14e7c,,287c7c7c7c7c6838,4.084203224421816,subject_quota=8; scan_quota=2 (MR1/mpr-2); slice_region=150-160; norm_quality=0.895; pick_round=1,8,2,150-160,0.8953005464480874,False,15772,496,248,3,,43.891544342041016,48.873783111572266,0.0,250.0,0.6668265478668054,0.5692719172736732,267.8604431152344,48.873783111572266,,96,0.5,0.8916666666666666,0.30388072561654084,0.592,0.6224593312018546,0.0,3,96
oasis_subset\very mild demented\OAS1_0288_MR1_mpr-3_113.jpg,C:\Users\bhuva\OneDrive\Documents\AD_staging-main\data\oasis_subset\very mild demented\OAS1_0288_MR1_mpr-3_113.jpg,very mild demented,OAS1_0288_MR1_mpr-3_113.jpg,Very Mild Demented,1,OAS1_0288,MR1,mpr-3,113,True,False,,0.6239541329371584,9382ba008911056a38c11af4ecb96985e5e44de9e9c092b45e2e2572f1af200a,,78786c747c7c7838,4.06452889158078,subject_quota=9; scan_quota=2 (MR1/mpr-3); slice_region=110-119; norm_quality=0.882; pick_round=7,9,2,110-119,0.8824772313296904,False,16221,496,248,3,,41.46023941040039,45.21044921875,0.0,255.0,0.6321133584807492,0.5976765738813735,304.62188720703125,45.21044921875,,97,0.5,0.9134020618556701,0.10318238018628814,0.536,0.3775406687981454,0.0,4,97
oasis_subset\very mild demented\OAS1_0039_MR1_mpr-3_116.jpg,C:\Users\bhuva\OneDrive\Documents\AD_staging-main\data\oasis_subset\very mild demented\OAS1_0039_MR1_mpr-3_116.jpg,very mild demented,OAS1_0039_MR1_mpr-3_116.jpg,Very Mild Demented,1,OAS1_0039,MR1,mpr-3,116,True,False,,0.696215922404627,5fa53fab2d59db12d4bd47ce4f2d830e51702c2683c5a8de561e6488d9b74214,,387c7c54547c7c38,4.050585387467888,subject_quota=9; scan_quota=3 (MR1/mpr-3); slice_region=110-119; norm_quality=0.954; pick_round=1,9,3,110-119,0.9540255009107468,False,16223,496,248,3,,46.54005432128906,51.96459197998047,0.0,255.0,0.6695011706555671,0.5708409209157128,264.0604858398437,51.96459197998047,,98,0.5,0.9102040816326531,0.11675228102018502,0.802,0.6224593312018546,0.0,3,98
oasis_subset\very mild demented\OAS1_0300_MR1_mpr-3_102.jpg,C:\Users\bhuva\OneDrive\Documents\AD_staging-main\data\oasis_subset\very mild demented\OAS1_0300_MR1_mpr-3_102.jpg,very mild demented,OAS1_0300_MR1_mpr-3_102.jpg,Very Mild Demented,1,OAS1_0300,MR1,mpr-3,102,True,False,,0.4825203411332692,eea1f66415b92fe13f1e3611f17db23baca768ca987a607581836abf0d7fe27c,,2c347e6c687e343c,4.038446159802933,subject_quota=8; scan_quota=2 (MR1/mpr-3); slice_region=100-109; norm_quality=0.498; pick_round=6,8,2,100-109,0.498287795992714,False,16035,496,248,3,,42.48871612548828,44.22481155395508,0.0,255.0,0.7423663501560874,0.6321621357960457,209.9005584716797,44.22481155395508,,99,0.5,0.9070707070707071,0.13031961484081273,0.064,0.02931223075135632,0.0,7,99
oasis_subset\very mild demented\OAS1_0022_MR1_mpr-3_123.jpg,C:\Users\bhuva\OneDrive\Documents\AD_staging-main\data\oasis_subset\very mild demented\OAS1_0022_MR1_mpr-3_123.jpg,very mild demented,OAS1_0022_MR1_mpr-3_123.jpg,Very Mild Demented,1,OAS1_0022,MR1,mpr-3,123,True,False,,0.6716136193345568,9e52dbafb69a8ddceab0739f4f141b7297338cca17e4bff9747f15f919ef5256,,283c7c7c7c7c3c18,4.015236339807686,subject_quota=9; scan_quota=2 (MR1/mpr-3); slice_region=120-129; norm_quality=0.938; pick_round=2,9,2,120-129,0.9382149362477232,False,16709,496,248,3,,50.25936508178711,49.93458938598633,0.0,255.0,0.7391307882414152,0.6117732180020812,260.5661315917969,49.93458938598633,,100,0.5,0.904,0.1414583577200648,0.742,0.6224593312018546,0.0,3,100
oasis_subset\Mild dementia\OAS1_0035_MR1_mpr-2_105.jpg,C:\Users\bhuva\OneDrive\Documents\AD_staging-main\data\oasis_subset\Mild dementia\OAS1_0035_MR1_mpr-2_105.jpg,Mild dementia,OAS1_0035_MR1_mpr-2_105.jpg,Mild Demented,2,OAS1_0035,MR1,mpr-2,105,True,False,,0.8619106522634514,9152cc921d9bfe275b4f9d7133d5a005c2e3386dfffc2586725744c28a73cd25,,186c6c7c727c7c2c,8.500000000705166,subject_quota=24; scan_quota=6 (MR1/mpr-2); slice_region=100-109; norm_quality=1.000; pick_round=2,24,6,100-109,1.0,False,18909,496,248,3,,45.6996955871582,55.20916748046875,0.0,255.0,0.8063621878251821,0.5205921566077003,359.9742126464844,55.20916748046875,,1,1.0,1.0,1.0,1.0,0.0,0.0,-1,1
oasis_subset\Mild dementia\OAS1_0278_MR1_mpr-1_122.jpg,C:\Users\bhuva\OneDrive\Documents\AD_staging-main\data\oasis_subset\Mild dementia\OAS1_0278_MR1_mpr-1_122.jpg,Mild dementia,OAS1_0278_MR1_mpr-1_122.jpg,Mild Demented,2,OAS1_0278,MR1,mpr-1,122,True,False,,0.708168119664849,52fa7fbc9dc0123f8e734b5f8ba11d6e3c094384ab4515d49552581aef95f275,,2c7c7c54747c7c28,8.462198581668277,subject_quota=24; scan_quota=6 (MR1/mpr-1); slice_region=120-129; norm_quality=0.992; pick_round=3,24,6,120-129,0.9918032786885246,False,17048,496,248,3,,45.53566360473633,51.16950988769531,0.0,252.0,0.7501869797086368,0.5785721253902185,280.6542358398437,51.16950988769531,,2,1.0,1.0,1.0,0.964,0.0015011822567369917,0.0,10,2
oasis_subset\Mild dementia\OAS1_0134_MR1_mpr-3_115.jpg,C:\Users\bhuva\OneDrive\Documents\AD_staging-main\data\oasis_subset\Mild dementia\OAS1_0134_MR1_mpr-3_115.jpg,Mild dementia,OAS1_0134_MR1_mpr-3_115.jpg,Mild Demented,2,OAS1_0134,MR1,mpr-3,115,True,False,,0.7009503677678498,a1b916ad3b32c92134b3e8c06f4a6c7bb3a891c7371670789fb21fa04f2a7d13,,007c76fcf8747c38,8.457903007498388,subject_quota=24; scan_quota=6 (MR1/mpr-3); slice_region=110-119; norm_quality=0.990; pick_round=14,24,6,110-119,0.990403838464614,False,17848,496,248,3,,41.69415664672852,46.399845123291016,0.0,254.0,0.8035574921956296,0.5694263787721123,350.458984375,46.399845123291016,,3,1.0,1.0,0.9999952148916172,0.958,7.484622751061123e-05,0.0,13,3
oasis_subset\Mild dementia\OAS1_0073_MR1_mpr-4_132.jpg,C:\Users\bhuva\OneDrive\Documents\AD_staging-main\data\oasis_subset\Mild dementia\OAS1_0073_MR1_mpr-4_132.jpg,Mild dementia,OAS1_0073_MR1_mpr-4_132.jpg,Mild Demented,2,OAS1_0073,MR1,mpr-4,132,True,False,,0.677078777625663,77d869cb3dbc0a93714b3580079e6370cb170ef5f7d8d77d0dd483e4cd42e343,,287c747e507c7c38,8.406815669084917,subject_quota=24; scan_quota=6 (MR1/mpr-4); slice_region=130-139; norm_quality=0.981; pick_round=1,24,6,130-139,0.98140743702519,False,18299,496,248,3,,41.6015853881836,44.819149017333984,0.0,251.0,0.720709222164412,0.6659729448491155,317.5169677734375,44.819149017333984,,4,1.0,1.0,0.999999999986112,0.92,0.01098694263059318,0.0,8,4
oasis_subset\Mild dementia\OAS1_0291_MR1_mpr-1_100.jpg,C:\Users\bhuva\OneDrive\Documents\AD_staging-main\data\oasis_subset\Mild dementia\OAS1_0291_MR1_mpr-1_100.jpg,Mild dementia,OAS1_0291_MR1_mpr-1_100.jpg,Mild Demented,2,OAS1_0291,MR1,mpr-1,100,True,False,,0.6942327802275521,7a2ae91e2c60592bbac25be6ba2e7247ad2a63fa272fadaa046890f4da7012a5,,387c7e58707e7c08,8.271925567727498,subject_quota=24; scan_quota=6 (MR1/mpr-1); slice_region=100-109; norm_quality=0.988; pick_round=10,24,6,100-109,0.9880047980807676,False,17274,496,248,3,,43.76901626586914,46.89298248291016,0.0,252.0,0.714360041623309,0.6309752211238293,312.87847900390625,46.89298248291016,,5,1.0,0.92,0.9980732653366725,0.948,0.01098694263059318,0.0,8,5
oasis_subset\Mild dementia\OAS1_0223_MR1_mpr-3_126.jpg,C:\Users\bhuva\OneDrive\Documents\AD_staging-main\data\oasis_subset\Mild dementia\OAS1_0223_MR1_mpr-3_126.jpg,Mild dementia,OAS1_0223_MR1_mpr-3_126.jpg,Mild Demented,2,OAS1_0223,MR1,mpr-3,126,True,False,,0.6891328087027799,b8d10dbda2f50e110b8382a164aed038d6c6a1b0e370c90d774e27641068cd9e,,2c7c767870567c2c,8.26432452716365,subject_quota=24; scan_quota=8 (MR1/mpr-3); slice_region=120-129; norm_quality=0.986; pick_round=1,24,8,120-129,0.9860055977608956,False,17282,496,248,3,,44.84482192993164,48.42498016357422,0.0,252.0,0.6973530176899063,0.6235285509885536,289.8226623535156,48.42498016357422,,6,1.0,0.9333333333333333,0.981894794080648,0.938,0.01098694263059318,0.0,8,6
oasis_subset\Mild dementia\OAS1_0268_MR1_mpr-2_145.jpg,C:\Users\bhuva\OneDrive\Documents\AD_staging-main\data\oasis_subset\Mild dementia\OAS1_0268_MR1_mpr-2_145.jpg,Mild dementia,OAS1_0268_MR1_mpr-2_145.jpg,Mild Demented,2,OAS1_0268,MR1,mpr-2,145,True,False,,0.6611562647288001,882221d003276445447182714133d206619ba6a9a9baa127cde6e0b00e3e10e2,,38787c7c647c6878,8.279912867599885,subject_quota=24; scan_quota=6 (MR1/mpr-2); slice_region=140-149; norm_quality=0.969; pick_round=4,24,6,140-149,0.9694122351059576,False,17904,496,248,3,,40.31549072265625,42.43998336791992,0.0,255.0,0.7013283688865765,0.6502097424557752,348.7518920898437,42.43998336791992,,7,1.0,0.9428571428571428,1.0,0.896,0.0015011822567369917,0.0,10,7
oasis_subset\Mild dementia\OAS1_0053_MR1_mpr-4_112.jpg,C:\Users\bhuva\OneDrive\Documents\AD_staging-main\data\oasis_subset\Mild dementia\OAS1_0053_MR1_mpr-4_112.jpg,Mild dementia,OAS1_0053_MR1_mpr-4_112.jpg,Mild Demented,2,OAS1_0053,MR1,mpr-4,112,True,False,,0.694998989619398,a6c37b13cd986bf0dcf6e8c62007c2d1a83143ef71de6fedff60d4a613b53107,,287c7e1e527c3c1c,8.193785597522847,subject_quota=24; scan_quota=6 (MR1/mpr-4); slice_region=110-119; norm_quality=0.988; pick_round=1,24,6,110-119,0.9882047181127548,False,17408,496,248,3,,43.78692626953125,47.73638534545898,0.0,251.0,0.735781412591051,0.6143096383975026,307.84149169921875,47.73638534545898,,8,1.0,0.95,0.9046466190018577,0.95,0.01098694263059318,0.0,8,8
oasis_subset\Mild dementia\OAS1_0184_MR1_mpr-3_139.jpg,C:\Users\bhuva\OneDrive\Documents\AD_staging-main\data\oasis_subset\Mild dementia\OAS1_0184_MR1_mpr-3_139.jpg,Mild dementia,OAS1_0184_MR1_mpr-3_139.jpg,Mild Demented,2,OAS1_0184,MR1,mpr-3,139,True,False,,0.642212853781023,67167bb53888c1afb770cba59e0e8dc8c152610eb2f3be4040e9af89fa784ced,,30647c7c7c7c7c28,8.14284562364903,subject_quota=24; scan_quota=6 (MR1/mpr-3); slice_region=130-139; norm_quality=0.949; pick_round=22,24,6,130-139,0.9494202319072372,False,16425,496,248,3,,45.32272720336914,48.60524368286133,0.0,255.0,0.6930037070759626,0.6140576222684704,259.6158142089844,48.60524368286133,,9,1.0,0.9111111111111111,0.9998718215103526,0.834,0.01098694263059318,0.0,8,9
oasis_subset\Mild dementia\OAS1_0028_MR1_mpr-1_152.jpg,C:\Users\bhuva\OneDrive\Documents\AD_staging-main\data\oasis_subset\Mild dementia\OAS1_0028_MR1_mpr-1_152.jpg,Mild dementia,OAS1_0028_MR1_mpr-1_152.jpg,Mild Demented,2,OAS1_0028,MR1,mpr-1,152,True,False,,0.6224487215753978,1ecfc3f841ed998e61b567b00e6bd761789abdcee494cb1e077bdcc24ff4409b,,103c7c6e6e7c7c30,8.082191403744352,subject_quota=24; scan_quota=6 (MR1/mpr-1); slice_region=150-160; norm_quality=0.922; pick_round=10,24,6,150-160,0.9224310275889644,False,15786,496,248,3,,45.57210159301758,48.435638427734375,0.0,255.0,0.711774843912591,0.6007332856399584,254.4429626464844,48.435638427734375,,10,1.0,0.92,0.9999952149055051,0.744,0.0015011822567369917,0.0,10,10
oasis_subset\Mild dementia\OAS1_0373_MR1_mpr-4_108.jpg,C:\Users\bhuva\OneDrive\Documents\AD_staging-main\data\oasis_subset\Mild dementia\OAS1_0373_MR1_mpr-4_108.jpg,Mild dementia,OAS1_0373_MR1_mpr-4_108.jpg,Mild Demented,2,OAS1_0373,MR1,mpr-4,108,True,False,,0.6386462627343733,5581c381615f5ff7823ad64ea3359a32b275b687a360378da9c2a62a4597b82d,,387c74787c747838,8.000213505962721,subject_quota=24; scan_quota=6 (MR1/mpr-4); slice_region=100-109; norm_quality=0.946; pick_round=1,24,6,100-109,0.946221511395442,False,15915,496,248,3,,41.74361038208008,48.57651901245117,0.0,250.0,0.6334059573361083,0.5578417663891779,281.1666564941406,48.57651901245117,,11,1.0,0.9272727272727272,0.8899015881132957,0.824,0.01098694263059318,0.0,8,11
oasis_subset\Mild dementia\OAS1_0056_MR1_mpr-4_118.jpg,C:\Users\bhuva\OneDrive\Documents\AD_staging-main\data\oasis_subset\Mild dementia\OAS1_0056_MR1_mpr-4_118.jpg,Mild dementia,OAS1_0056_MR1_mpr-4_118.jpg,Mild Demented,2,OAS1_0056,MR1,mpr-4,118,True,False,,0.6344181076168722,3907022b4afe50a119fc10fc3ff7df0c43487bc3a39220bd606f6967b3b3d5d2,,187c7c7c646c3c3c,7.925527153199826,subject_quota=24; scan_quota=6 (MR1/mpr-4); slice_region=110-119; norm_quality=0.941; pick_round=9,24,6,110-119,0.9408236705317872,False,15902,496,248,3,,41.468936920166016,50.15299224853516,0.0,254.0,0.7068076873048907,0.538225156087409,263.126953125,50.15299224853516,,12,1.0,0.9,0.8898076561825381,0.804,0.01098694263059318,0.0,8,12
oasis_subset\Mild dementia\OAS1_0185_MR1_mpr-2_157.jpg,C:\Users\bhuva\OneDrive\Documents\AD_staging-main\data\oasis_subset\Mild dementia\OAS1_0185_MR1_mpr-2_157.jpg,Mild dementia,OAS1_0185_MR1_mpr-2_157.jpg,Mild Demented,2,OAS1_0185,MR1,mpr-2,157,True,False,,0.5913528543605288,49e513a28d75cc0f4a4bfa9c8b7a0a58a738f20fe7eee282ee90713dbf3f28e5,,30687c7e7c7e6c38,7.8130031598821645,subject_quota=24; scan_quota=6 (MR1/mpr-2); slice_region=150-160; norm_quality=0.840; pick_round=16,24,6,150-160,0.8396641343462615,False,16918,496,248,3,,46.103633880615234,46.647422790527344,0.0,252.0,0.736277315296566,0.6377877861602498,244.62225341796875,46.647422790527344,,13,1.0,0.9384615384615385,0.9980732653366723,0.53,0.07585818002124355,0.0,6,13
oasis_subset\Mild dementia\OAS1_0382_MR1_mpr-4_160.jpg,C:\Users\bhuva\OneDrive\Documents\AD_staging-main\data\oasis_subset\Mild dementia\OAS1_0382_MR1_mpr-4_160.jpg,Mild dementia,OAS1_0382_MR1_mpr-4_160.jpg,Mild Demented,2,OAS1_0382,MR1,mpr-4,160,True,False,,0.5915178179941081,0932ab5f773811d258565590407ce618ae9fe5162f51fc0b9939aa77e8d4bc5d,,307c7c6c7c7c7830,7.569374420420239,subject_quota=24; scan_quota=6 (MR1/mpr-4); slice_region=150-160; norm_quality=0.840; pick_round=1,24,6,150-160,0.8402638944422232,False,14884,496,248,3,,44.19764709472656,52.57329177856445,0.0,255.0,0.7036127731529657,0.4930980098855359,217.2735290527344,52.57329177856445,,14,1.0,0.8857142857142857,0.9046504430029467,0.532,0.07585818002124355,0.0,6,14
oasis_subset\Mild dementia\OAS1_0067_MR1_mpr-1_104.jpg,C:\Users\bhuva\OneDrive\Documents\AD_staging-main\data\oasis_subset\Mild dementia\OAS1_0067_MR1_mpr-1_104.jpg,Mild dementia,OAS1_0067_MR1_mpr-1_104.jpg,Mild Demented,2,OAS1_0067,MR1,mpr-1,104,True,False,,0.6851325390983172,a599925246ef8d1fb08c8489a73ade4b058724ec000db9184993ebb70af2deaa,,0c7c7c76727c7c08,7.507219725461624,subject_quota=24; scan_quota=8 (MR1/mpr-1); slice_region=100-109; norm_quality=0.985; pick_round=1,24,8,100-109,0.9848060775689724,False,16856,496,248,3,,45.23291015625,47.85382080078125,0.0,252.0,0.7021494536940687,0.6148380593132154,299.2543640136719,47.85382080078125,,15,1.0,0.92,0.5508330273424176,0.932,0.07585818002124355,0.0,6,15
oasis_subset\Mild dementia\OAS1_0052_MR1_mpr-2_150.jpg,C:\Users\bhuva\OneDrive\Documents\AD_staging-main\data\oasis_subset\Mild dementia\OAS1_0052_MR1_mpr-2_150.jpg,Mild dementia,OAS1_0052_MR1_mpr-2_150.jpg,Mild Demented,2,OAS1_0052,MR1,mpr-2,150,True,False,,0.5949013763324862,d9c11cf693d26b0a73f8ef8edb15125aa2408f1f8368cc3d3ef1e305ee8b4c84,,38747e7c5c7c3438,7.47986396005905,subject_quota=24; scan_quota=6 (MR1/mpr-2); slice_region=150-160; norm_quality=0.853; pick_round=3,24,6,150-160,0.8526589364254298,False,16909,496,248,3,,47.19169616699219,46.37621688842773,0.0,255.0,0.745723855359001,0.6667371227887617,238.91993713378903,46.37621688842773,,16,1.0,0.925,0.7300257577028608,0.57,0.02931223075135632,0.0,7,16
oasis_subset\Mild dementia\OAS1_0137_MR1_mpr-2_111.jpg,C:\Users\bhuva\OneDrive\Documents\AD_staging-main\data\oasis_subset\Mild dementia\OAS1_0137_MR1_mpr-2_111.jpg,Mild dementia,OAS1_0137_MR1_mpr-2_111.jpg,Mild Demented,2,OAS1_0137,MR1,mpr-2,111,True,False,,0.6484759751481045,dbef6876f7db4b4c7e2803c879ac3182a6ca463c68fe42a903912989f40c56a2,,187c7cfc506c7c38,7.369109569349963,subject_quota=23; scan_quota=6 (MR1/mpr-2); slice_region=110-119; norm_quality=0.957; pick_round=3,23,6,110-119,0.957217113154738,False,16391,496,248,3,,37.9000129699707,45.86369323730469,0.0,251.0,0.646803459937565,0.5500780437044746,331.2940979003906,45.86369323730469,,17,1.0,0.9058823529411765,0.5255831192580576,0.86,0.07585818002124355,0.0,6,17
oasis_subset\Mild dementia\OAS1_0122_MR1_mpr-3_130.jpg,C:\Users\bhuva\OneDrive\Documents\AD_staging-main\data\oasis_subset\Mild dementia\OAS1_0122_MR1_mpr-3_130.jpg,Mild dementia,OAS1_0122_MR1_mpr-3_130.jpg,Mild Demented,2,OAS1_0122,MR1,mpr-3,130,True,False,,0.5449568260410554,18b2cf1e4415fc3d1ae1b4d5625b8c8296e0012cb6d70230d36bef52c7830e19,,383c7c74747e3c30,7.249581022951866,subject_quota=23; scan_quota=5 (MR1/mpr-3); slice_region=130-139; norm_quality=0.686; pick_round=8,23,5,130-139,0.6855257896841264,False,16091,496,248,3,,45.27389144897461,48.10947036743164,0.0,250.0,0.8067036290322581,0.5754259885535901,217.8614654541016,48.10947036743164,,18,1.0,0.9333333333333333,0.7213991248733922,0.314,0.01098694263059318,0.0,8,18
oasis_subset\Mild dementia\OAS1_0031_MR1_mpr-1_116.jpg,C:\Users\bhuva\OneDrive\Documents\AD_staging-main\data\oasis_subset\Mild dementia\OAS1_0031_MR1_mpr-1_116.jpg,Mild dementia,OAS1_0031_MR1_mpr-1_116.jpg,Mild Demented,2,OAS1_0031,MR1,mpr-1,116,True,False,,0.5594395359372725,877958c5823f143be7b44d59ac55e6e7f5e199852a805346ce4148810b54fbe8,,38787cf4fc4c7838,6.9088800622984285,subject_quota=23; scan_quota=6 (MR1/mpr-1); slice_region=110-119; norm_quality=0.732; pick_round=2,23,6,110-119,0.7319072371051579,False,15050,496,248,3,,36.07183456420898,45.7725830078125,0.0,250.0,0.5955303720083247,0.5271364464099896,282.4839782714844,45.7725830078125,,19,1.0,0.9157894736842105,0.46145685332962966,0.39,0.004070137715896128,0.0,9,19
oasis_subset\Mild dementia\OAS1_0316_MR1_mpr-3_120.jpg,C:\Users\bhuva\OneDrive\Documents\AD_staging-main\data\oasis_subset\Mild dementia\OAS1_0316_MR1_mpr-3_120.jpg,Mild dementia,OAS1_0316_MR1_mpr-3_120.jpg,Mild Demented,2,OAS1_0316,MR1,mpr-3,120,True,False,,0.515592633222738,b8b534bb23ad56415f92c484fa55c487b1f4fd65553f5f7a8c9ce2571214e88b,,387c7c5c7c7c6430,6.773121803212846,subject_quota=23; scan_quota=6 (MR1/mpr-3); slice_region=120-129; norm_quality=0.573; pick_round=7,23,6,120-129,0.5729708116753298,False,15365,496,248,3,,41.24946212768555,46.25871658325195,0.0,255.0,0.6723952913631633,0.5793444328824141,223.99429321289065,46.25871658325195,,20,1.0,0.92,0.5694344123358119,0.17,0.07585818002124355,0.0,6,20
oasis_subset\Mild dementia\OAS1_0269_MR1_mpr-2_124.jpg,C:\Users\bhuva\OneDrive\Documents\AD_staging-main\data\oasis_subset\Mild dementia\OAS1_0269_MR1_mpr-2_124.jpg,Mild dementia,OAS1_0269_MR1_mpr-2_124.jpg,Mild Demented,2,OAS1_0269,MR1,mpr-2,124,True,False,,0.5538863377885915,8b7fa8bb0d07d7fd1e0cd3e441b122e5802ec4e3e8a2a43bae08f669dbed48ef,,30747c7c7c7c7430,6.5755063926080695,subject_quota=24; scan_quota=6 (MR1/mpr-2); slice_region=120-129; norm_quality=0.714; pick_round=4,24,6,120-129,0.7143142742902839,False,15796,496,248,3,,45.11431884765625,48.27337265014648,0.0,251.0,0.6926378772112383,0.5985383064516129,211.75201416015625,48.27337265014648,,21,1.0,0.9047619047619048,0.5700209234822845,0.364,0.3775406687981454,0.0,4,21
oasis_subset\Mild dementia\OAS1_0073_MR1_mpr-2_136.jpg,C:\Users\bhuva\OneDrive\Documents\AD_staging-main\data\oasis_subset\Mild dementia\OAS1_0073_MR1_mpr-2_136.jpg,Mild dementia,OAS1_0073_MR1_mpr-2_136.jpg,Mild Demented,2,OAS1_0073,MR1,mpr-2,136,True,False,,0.6758819082247837,f7819612bebccf0cefb0794d48a8e98d91665f4fe26d3da071f49924a2bbdcb7,,287c5e7e607c7c18,5.716499982246061,subject_quota=24; scan_quota=6 (MR1/mpr-2); slice_region=130-139; norm_quality=0.981; pick_round=2,24,6,130-139,0.9808076769292284,False,18165,496,248,3,,42.18491363525391,45.392032623291016,0.0,255.0,0.7234895291363164,0.6686719562955254,307.07794189453125,45.392032623291016,,22,0.5,0.8909090909090909,0.8898077440121823,0.916,0.07585818002124355,0.15,6,22
oasis_subset\Mild dementia\OAS1_0278_MR1_mpr-3_101.jpg,C:\Users\bhuva\OneDrive\Documents\AD_staging-main\data\oasis_subset\Mild dementia\OAS1_0278_MR1_mpr-3_101.jpg,Mild dementia,OAS1_0278_MR1_mpr-3_101.jpg,Mild Demented,2,OAS1_0278,MR1,mpr-3,101,True,False,,0.7420922918384025,61168560dc84244ad760fb2a20e44b506b99aea0e7644c5b2fecd1d63c800ad1,,3c4e6878786e7c1c,5.594270645683828,subject_quota=24; scan_quota=6 (MR1/mpr-3); slice_region=100-109; norm_quality=0.996; pick_round=2,24,6,100-109,0.9962015193922432,False,17009,496,248,3,,42.91520690917969,51.41138458251953,0.0,254.0,0.7014096644120708,0.5531916623309053,310.4504699707031,51.41138458251953,,23,0.5,0.9130434782608696,0.5256185338997729,0.98,0.00020342697805520653,0.0,12,23
oasis_subset\Mild dementia\OAS1_0223_MR1_mpr-2_141.jpg,C:\Users\bhuva\OneDrive\Documents\AD_staging-main\data\oasis_subset\Mild dementia\OAS1_0223_MR1_mpr-2_141.jpg,Mild dementia,OAS1_0223_MR1_mpr-2_141.jpg,Mild Demented,2,OAS1_0223,MR1,mpr-2,141,True,False,,0.6123009861031579,8a0d65ac671db63bd416902634f2f4868bbb8ba3be39cb3563365624f73e2f4a,,28647e6e7e7e642c,5.533459156819145,subject_quota=24; scan_quota=8 (MR1/mpr-2); slice_region=140-149; norm_quality=0.901; pick_round=18,24,8,140-149,0.900639744102359,False,17271,496,248,3,,44.99964904785156,46.427005767822266,0.0,244.0,0.7281802809573361,0.6552744536940687,254.6397705078125,46.427005767822266,,24,0.5,0.8833333333333333,0.7203959390214679,0.688,0.0015011822567369917,0.0,10,24
oasis_subset\Mild dementia\OAS1_0134_MR1_mpr-1_109.jpg,C:\Users\bhuva\OneDrive\Documents\AD_staging-main\data\oasis_subset\Mild dementia\OAS1_0134_MR1_mpr-1_109.jpg,Mild dementia,OAS1_0134_MR1_mpr-1_109.jpg,Mild Demented,2,OAS1_0134,MR1,mpr-1,109,True,False,,0.7541966637355672,6f6442f8314f22e0010d39e4d39292b0bbfc44719f8f8aefc37ad3296b2c6ef6,,007c5efe787c5838,5.448904734625776,subject_quota=24; scan_quota=6 (MR1/mpr-1); slice_region=100-109; norm_quality=0.997; pick_round=4,24,6,100-109,0.9972011195521792,False,17907,496,248,3,,42.1912727355957,47.8463134765625,0.0,252.0,0.7932410900104059,0.5560451352757544,377.7937927246094,47.8463134765625,,25,0.5,0.92,0.44005294052561345,0.984,0.02931223075135632,0.0,7,25
oasis_subset\Mild dementia\OAS1_0185_MR1_mpr-4_147.jpg,C:\Users\bhuva\OneDrive\Documents\AD_staging-main\data\oasis_subset\Mild dementia\OAS1_0185_MR1_mpr-4_147.jpg,Mild dementia,OAS1_0185_MR1_mpr-4_147.jpg,Mild Demented,2,OAS1_0185,MR1,mpr-4,147,True,True,extremely_bright,0.6550363752285678,56bf6770ee2ca30943c938253a11cb69b58521be212383b9f40fce3a3e86bd27,,30387c5c7c7c7c38,5.347843892493527,subject_quota=24; scan_quota=6 (MR1/mpr-4); slice_region=140-149; norm_quality=0.963; pick_round=1,24,6,140-149,0.9634146341463414,False,17180,496,248,3,,48.1265869140625,48.06461715698242,0.0,255.0,0.7371959547346514,0.6379747658688866,266.2445983886719,48.06461715698242,,26,0.5,0.9230769230769231,0.6778132411504066,0.876,0.07585818002124355,0.0,6,26
oasis_subset\Mild dementia\OAS1_0035_MR1_mpr-3_122.jpg,C:\Users\bhuva\OneDrive\Documents\AD_staging-main\data\oasis_subset\Mild dementia\OAS1_0035_MR1_mpr-3_122.jpg,Mild dementia,OAS1_0035_MR1_mpr-3_122.jpg,Mild Demented,2,OAS1_0035,MR1,mpr-3,122,True,False,,0.6859772663932474,f75d764daab7a3b30fece1d950d5a6e039a6cdf0afbdfff1e8789d389fdcad6a,,081c7e7e7e6e4c0c,5.295445153430536,subject_quota=24; scan_quota=6 (MR1/mpr-3); slice_region=120-129; norm_quality=0.985; pick_round=8,24,6,120-129,0.9850059976009596,False,17088,496,248,3,,44.0127067565918,50.288330078125,0.0,255.0,0.7097343262226847,0.569019901144641,282.8404235839844,50.288330078125,,27,0.5,0.9111111111111111,0.3606828995674419,0.934,0.0015011822567369917,0.0,10,27
oasis_subset\Mild dementia\OAS1_0028_MR1_mpr-4_133.jpg,C:\Users\bhuva\OneDrive\Documents\AD_staging-main\data\oasis_subset\Mild dementia\OAS1_0028_MR1_mpr-4_133.jpg,Mild dementia,OAS1_0028_MR1_mpr-4_133.jpg,Mild Demented,2,OAS1_0028,MR1,mpr-4,133,True,False,,0.6096470592230139,5d3f57e6146d379de5518342c986471fd476240e50732456b626490cb8c2c1d9,,00747e7e5e7e7420,5.243259157585162,subject_quota=24; scan_quota=6 (MR1/mpr-4); slice_region=130-139; norm_quality=0.894; pick_round=4,24,6,130-139,0.8942423030787685,False,17353,496,248,3,,47.26676177978516,45.76212692260742,0.0,255.0,0.7583165322580645,0.6799069979188346,252.4258728027344,45.76212692260742,,28,0.5,0.9142857142857143,0.5025813732106127,0.674,0.01098694263059318,0.0,8,28
oasis_subset\Mild dementia\OAS1_0053_MR1_mpr-1_119.jpg,C:\Users\bhuva\OneDrive\Documents\AD_staging-main\data\oasis_subset\Mild dementia\OAS1_0053_MR1_mpr-1_119.jpg,Mild dementia,OAS1_0053_MR1_mpr-1_119.jpg,Mild Demented,2,OAS1_0053,MR1,mpr-1,119,True,False,,0.6600997982089983,e72d688b8091f484202e22d5fb4c8a520791e8bdb4eba1a912182184d24c0179,,38747e5e7c763c2c,5.229602327061173,subject_quota=24; scan_quota=6 (MR1/mpr-1); slice_region=110-119; norm_quality=0.968; pick_round=19,24,6,110-119,0.9682127149140344,False,17049,496,248,3,,44.780982971191406,47.05292892456055,0.0,249.0,0.7204409469302809,0.6162851196670135,293.73931884765625,47.05292892456055,,29,0.5,0.9172413793103449,0.3455359330063635,0.89,0.01098694263059318,0.0,8,29
oasis_subset\Mild dementia\OAS1_0268_MR1_mpr-1_114.jpg,C:\Users\bhuva\OneDrive\Documents\AD_staging-main\data\oasis_subset\Mild dementia\OAS1_0268_MR1_mpr-1_114.jpg,Mild dementia,OAS1_0268_MR1_mpr-1_114.jpg,Mild Demented,2,OAS1_0268,MR1,mpr-1,114,True,False,,0.6682320207674692,9d2762e1304e281d097deacd1449b6fedde7388d305ac06902c913fc95225448,,387c7c7c507c7868,5.195973038940171,subject_quota=24; scan_quota=6 (MR1/mpr-1); slice_region=110-119; norm_quality=0.976; pick_round=22,24,6,110-119,0.975609756097561,False,16983,496,248,3,,39.837799072265625,44.04884338378906,0.0,255.0,0.6598839099895941,0.6034729448491155,349.1642761230469,44.04884338378906,,30,0.5,0.9066666666666666,0.3784463476668175,0.906,0.07585818002124355,0.0,6,30
oasis_subset\Mild dementia\OAS1_0056_MR1_mpr-3_106.jpg,C:\Users\bhuva\OneDrive\Documents\AD_staging-main\data\oasis_subset\Mild dementia\OAS1_0056_MR1_mpr-3_106.jpg,Mild dementia,OAS1_0056_MR1_mpr-3_106.jpg,Mild Demented,2,OAS1_0056,MR1,mpr-3,106,True,False,,0.6369257107782619,9b74d57c52d9d95aeeb85137a0e524a061300096c22d5c128791bc1374108646,,183c7c7c707e7c3c,5.115956827671852,subject_quota=24; scan_quota=6 (MR1/mpr-3); slice_region=100-109; norm_quality=0.944; pick_round=8,24,6,100-109,0.9440223910435824,False,16008,496,248,3,,40.14669799804688,49.74863815307617,0.0,255.0,0.6824190296566077,0.5316564776274714,273.56219482421875,49.74863815307617,,31,0.5,0.9096774193548387,0.3810878693750308,0.816,0.07585818002124355,0.0,6,31
oasis_subset\Mild dementia\OAS1_0291_MR1_mpr-2_110.jpg,C:\Users\bhuva\OneDrive\Documents\AD_staging-main\data\oasis_subset\Mild dementia\OAS1_0291_MR1_mpr-2_110.jpg,Mild dementia,OAS1_0291_MR1_mpr-2_110.jpg,Mild Demented,2,OAS1_0291,MR1,mpr-2,110,True,False,,0.6895165374956131,a8888ecc1a8216ead3c33793208cb001a4d75e879abbdac3a107e382f12e42ff,,087c7e7c78767c08,5.098866766705554,subject_quota=24; scan_quota=6 (MR1/mpr-2); slice_region=110-119; norm_quality=0.986; pick_round=4,24,6,110-119,0.9862055177928828,False,18242,496,248,3,,47.04710388183594,47.22401809692383,0.0,252.0,0.7507885665972945,0.6801508844953174,284.2246398925781,47.22401809692383,,32,0.5,0.9,0.29993105455600855,0.94,0.07585818002124355,0.0,6,32
oasis_subset\Mild dementia\OAS1_0122_MR1_mpr-4_103.jpg,C:\Users\bhuva\OneDrive\Documents\AD_staging-main\data\oasis_subset\Mild dementia\OAS1_0122_MR1_mpr-4_103.jpg,Mild dementia,OAS1_0122_MR1_mpr-4_103.jpg,Mild Demented,2,OAS1_0122,MR1,mpr-4,103,True,False,,0.6226793975698037,351c1476f8b9db5f51b60d4c6c8d2f49d9fd92213052e469b6a021ab64bee39d,,0c7c7c785c7c3c38,5.091099284716205,subject_quota=23; scan_quota=6 (MR1/mpr-4); slice_region=100-109; norm_quality=0.924; pick_round=1,23,6,100-109,0.9236305477808876,False,17218,496,248,3,,42.23735046386719,46.47430038452149,0.0,255.0,0.7921273413111343,0.6063426768990635,281.3742980957031,46.47430038452149,,33,0.5,0.9151515151515152,0.3666472874619797,0.746,0.02931223075135632,0.0,7,33
oasis_subset\Mild dementia\OAS1_0052_MR1_mpr-1_125.jpg,C:\Users\bhuva\OneDrive\Documents\AD_staging-main\data\oasis_subset\Mild dementia\OAS1_0052_MR1_mpr-1_125.jpg,Mild dementia,OAS1_0052_MR1_mpr-1_125.jpg,Mild Demented,2,OAS1_0052,MR1,mpr-1,125,True,False,,0.6082915345064623,8a3922098900943f56bf51576c5e666983b3d4bc841b4e98e283a5004523ea50,,2c3c5e70365e7c2c,4.997629010328854,subject_quota=24; scan_quota=6 (MR1/mpr-1); slice_region=120-129; norm_quality=0.891; pick_round=6,24,6,120-129,0.8914434226309477,False,16442,496,248,3,,42.17366409301758,47.62931823730469,0.0,254.0,0.6806467872008325,0.6034892039542143,255.76055908203125,47.62931823730469,,34,0.5,0.9058823529411765,0.3606990902461826,0.658,0.01098694263059318,0.0,8,34
oasis_subset\Mild dementia\OAS1_0184_MR1_mpr-4_120.jpg,C:\Users\bhuva\OneDrive\Documents\AD_staging-main\data\oasis_subset\Mild dementia\OAS1_0184_MR1_mpr-4_120.jpg,Mild dementia,OAS1_0184_MR1_mpr-4_120.jpg,Mild Demented,2,OAS1_0184,MR1,mpr-4,120,True,False,,0.6386745362951989,a3e8f251aa941157195131959c97882f99b228ffe76cc9132c19583deb10fa36,,287c7c7c707c7c0c,4.9344561093144925,subject_quota=24; scan_quota=6 (MR1/mpr-4); slice_region=120-129; norm_quality=0.946; pick_round=1,24,6,120-129,0.9464214314274292,False,16048,496,248,3,,43.580848693847656,49.546016693115234,0.0,255.0,0.6527868106139438,0.5793200442247659,257.8043518066406,49.546016693115234,,35,0.5,0.9085714285714286,0.2548953787691017,0.826,0.07585818002124355,0.0,6,35
oasis_subset\Mild dementia\OAS1_0067_MR1_mpr-2_109.jpg,C:\Users\bhuva\OneDrive\Documents\AD_staging-main\data\oasis_subset\Mild dementia\OAS1_0067_MR1_mpr-2_109.jpg,Mild dementia,OAS1_0067_MR1_mpr-2_109.jpg,Mild Demented,2,OAS1_0067,MR1,mpr-2,109,True,False,,0.6317289796432949,3ede3b1c057d5d23d0a81cd0a1370cf1b0acbf93ac8b1e80a1b5b3c62313e6b7,,2c7c767676767408,4.907514292322417,subject_quota=24; scan_quota=8 (MR1/mpr-2); slice_region=100-109; norm_quality=0.937; pick_round=3,24,8,100-109,0.936625349860056,False,17340,496,248,3,,45.17801284790039,45.68878936767578,0.0,255.0,0.7424313865764828,0.6504211108220603,280.6716613769531,45.68878936767578,,36,0.5,0.9,0.24045931244667224,0.782,0.02931223075135632,0.0,7,36
oasis_subset\Mild dementia\OAS1_0137_MR1_mpr-3_117.jpg,C:\Users\bhuva\OneDrive\Documents\AD_staging-main\data\oasis_subset\Mild dementia\OAS1_0137_MR1_mpr-3_117.jpg,Mild dementia,OAS1_0137_MR1_mpr-3_117.jpg,Mild Demented,2,OAS1_0137,MR1,mpr-3,117,True,False,,0.6176210606741379,92a9708c400f6c0a2df9e2cf908ccfaa6fca604c7f2ce3691f7a72b82011d615,,187c7c7c747c7838,4.744998748579157,subject_quota=23; scan_quota=6 (MR1/mpr-3); slice_region=110-119; norm_quality=0.912; pick_round=18,23,6,110-119,0.9118352658936424,False,16137,496,248,3,,39.36661148071289,45.9013557434082,0.0,252.0,0.6450474765868887,0.5588173126951093,306.3691101074219,45.9013557434082,,37,0.5,0.9135135135135135,0.2765882328348436,0.722,0.18242552380635635,0.0,5,37
oasis_subset\Mild dementia\OAS1_0223_MR1_mpr-1_149.jpg,C:\Users\bhuva\OneDrive\Documents\AD_staging-main\data\oasis_subset\Mild dementia\OAS1_0223_MR1_mpr-1_149.jpg,Mild dementia,OAS1_0223_MR1_mpr-1_149.jpg,Mild Demented,2,OAS1_0223,MR1,mpr-1,149,True,False,,0.6302996390644505,458c858bb3eeb0d4374710108ee2d828f1bafcb01c215d4e179398f4e734419b,,28767e64647e7438,4.573653380924901,subject_quota=24; scan_quota=8 (MR1/mpr-1); slice_region=140-149; norm_quality=0.935; pick_round=2,24,8,140-149,0.934626149540184,False,17113,496,248,3,,46.607025146484375,47.53818893432617,0.0,255.0,0.7106367065556711,0.636519575962539,258.0669860839844,47.53818893432617,,38,0.3333333333333333,0.9052631578947369,0.44045193115578274,0.774,0.004070137715896128,0.0,9,38
oasis_subset\Mild dementia\OAS1_0373_MR1_mpr-1_116.jpg,C:\Users\bhuva\OneDrive\Documents\AD_staging-main\data\oasis_subset\Mild dementia\OAS1_0373_MR1_mpr-1_116.jpg,Mild dementia,OAS1_0373_MR1_mpr-1_116.jpg,Mild Demented,2,OAS1_0373,MR1,mpr-1,116,True,False,,0.604875770869908,33fbb2b5332337b52cc0d733dd7022eff52c86cc87c1859889a220aafc813104,,287c5c7c7c747c38,4.550584652511769,subject_quota=24; scan_quota=6 (MR1/mpr-1); slice_region=110-119; norm_quality=0.882; pick_round=10,24,6,110-119,0.8816473410635746,False,16486,496,248,3,,41.29021835327149,45.629371643066406,0.0,254.0,0.6670623048907388,0.5993268730489074,284.90576171875,45.629371643066406,,39,0.5,0.8974358974358974,0.22441565735631566,0.638,0.18242552380635635,0.0,5,39
oasis_subset\Mild dementia\OAS1_0134_MR1_mpr-2_102.jpg,C:\Users\bhuva\OneDrive\Documents\AD_staging-main\data\oasis_subset\Mild dementia\OAS1_0134_MR1_mpr-2_102.jpg,Mild dementia,OAS1_0134_MR1_mpr-2_102.jpg,Mild Demented,2,OAS1_0134,MR1,mpr-2,102,True,False,,0.6902024385187362,2c31ed390690f35be292cb5a53e99f0eb6566d3ac2166d789c648f9af3ade62b,,087c7cfcf0786c38,4.425258308106626,subject_quota=24; scan_quota=6 (MR1/mpr-2); slice_region=100-109; norm_quality=0.987; pick_round=11,24,6,100-109,0.9868052778888444,False,17872,496,248,3,,37.08720397949219,45.95387268066406,0.0,255.0,0.764275494276795,0.5205433792924038,380.8265686035156,45.95387268066406,,40,0.3333333333333333,0.9,0.2926365269985575,0.944,0.07585818002124355,0.0,6,40
oasis_subset\Mild dementia\OAS1_0269_MR1_mpr-4_104.jpg,C:\Users\bhuva\OneDrive\Documents\AD_staging-main\data\oasis_subset\Mild dementia\OAS1_0269_MR1_mpr-4_104.jpg,Mild dementia,OAS1_0269_MR1_mpr-4_104.jpg,Mild Demented,2,OAS1_0269,MR1,mpr-4,104,True,False,,0.5355741123355751,4435769ea877a5fc437275f6d3cd4f5230d2c2c2aeb6737bcdacf79633ea2ba4,,28787cfc7c7c7818,4.341245435327357,subject_quota=24; scan_quota=6 (MR1/mpr-4); slice_region=100-109; norm_quality=0.648; pick_round=13,24,6,100-109,0.6479408236705317,False,15216,496,248,3,,38.5982780456543,46.37679672241211,0.0,255.0,0.6143828043704475,0.5559882284079084,245.4235992431641,46.37679672241211,,41,0.5,0.9121951219512195,0.22525667153508477,0.27,0.07585818002124355,0.0,6,41
oasis_subset\Mild dementia\OAS1_0052_MR1_mpr-3_133.jpg,C:\Users\bhuva\OneDrive\Documents\AD_staging-main\data\oasis_subset\Mild dementia\OAS1_0052_MR1_mpr-3_133.jpg,Mild dementia,OAS1_0052_MR1_mpr-3_133.jpg,Mild Demented,2,OAS1_0052,MR1,mpr-3,133,True,False,,0.6080626973511618,502a9bc3f56fee717161f3b964e612066802f15d9939f7846a509cc481736d5d,,2c3e7e7454767c28,4.284448025852019,subject_quota=24; scan_quota=6 (MR1/mpr-3); slice_region=130-139; norm_quality=0.891; pick_round=8,24,6,130-139,0.890843662534986,False,16882,496,248,3,,44.40309524536133,46.11005401611328,0.0,255.0,0.6988976326742976,0.6380885796045785,263.691162109375,46.11005401611328,,42,0.3333333333333333,0.9142857142857143,0.3344786267510168,0.656,0.02931223075135632,0.0,7,42
oasis_subset\Mild dementia\OAS1_0056_MR1_mpr-2_100.jpg,C:\Users\bhuva\OneDrive\Documents\AD_staging-main\data\oasis_subset\Mild dementia\OAS1_0056_MR1_mpr-2_100.jpg,Mild dementia,OAS1_0056_MR1_mpr-2_100.jpg,Mild Demented,2,OAS1_0056,MR1,mpr-2,100,True,False,,0.613648922557793,1ccab9ac3d7b4c110c18a629bbab9b0f2557818607791786a6399a1d7f0f701a,,183c7e70786c6e3c,4.271318943447876,subject_quota=24; scan_quota=6 (MR1/mpr-2); slice_region=100-109; norm_quality=0.904; pick_round=22,24,6,100-109,0.9040383846461416,False,15129,496,248,3,,37.10479736328125,50.7382926940918,0.0,249.0,0.6484131113423517,0.48139145421436,264.2725524902344,50.7382926940918,,43,0.3333333333333333,0.8976744186046511,0.3038807357119745,0.7,0.01098694263059318,0.0,8,43
oasis_subset\Mild dementia\OAS1_0035_MR1_mpr-4_117.jpg,C:\Users\bhuva\OneDrive\Documents\AD_staging-main\data\oasis_subset\Mild dementia\OAS1_0035_MR1_mpr-4_117.jpg,Mild dementia,OAS1_0035_MR1_mpr-4_117.jpg,Mild Demented,2,OAS1_0035,MR1,mpr-4,117,True,False,,0.6543028189135761,bf0ec26faa2005d00e0ea22861012c06b159125888f993c6fea3a2ed3225ab77,,084c6e7e727e6c3c,4.268412618398413,subject_quota=24; scan_quota=6 (MR1/mpr-4); slice_region=110-119; norm_quality=0.963; pick_round=5,24,6,110-119,0.9632147141143542,False,17910,496,248,3,,43.60530853271485,49.64985656738281,0.0,246.0,0.823848855359001,0.5429728147762747,281.9581298828125,49.64985656738281,,44,0.3333333333333333,0.9090909090909091,0.1853814289872929,0.874,0.02931223075135632,0.0,7,44
oasis_subset\Mild dementia\OAS1_0382_MR1_mpr-3_105.jpg,C:\Users\bhuva\OneDrive\Documents\AD_staging-main\data\oasis_subset\Mild dementia\OAS1_0382_MR1_mpr-3_105.jpg,Mild dementia,OAS1_0382_MR1_mpr-3_105.jpg,Mild Demented,2,OAS1_0382,MR1,mpr-3,105,True,False,,0.5238153226512554,f49403bfc5d8aa519a577641a55368c1b2a47bd6ecf2f1e783e87469321f836c,,387c7c747c7c5c18,4.238642580148369,subject_quota=24; scan_quota=6 (MR1/mpr-3); slice_region=100-109; norm_quality=0.605; pick_round=14,24,6,100-109,0.6049580167932826,False,16279,496,248,3,,39.92718505859375,46.49452209472656,0.0,247.0,0.7357976716961498,0.5339408818938606,245.00672912597656,46.49452209472656,,45,0.5,0.9111111111111111,0.2009667822527872,0.206,0.07585818002124355,0.0,6,45
oasis_subset\Mild dementia\OAS1_0028_MR1_mpr-2_145.jpg,C:\Users\bhuva\OneDrive\Documents\AD_staging-main\data\oasis_subset\Mild dementia\OAS1_0028_MR1_mpr-2_145.jpg,Mild dementia,OAS1_0028_MR1_mpr-2_145.jpg,Mild Demented,2,OAS1_0028,MR1,mpr-2,145,True,False,,0.5847289515014129,00f8a6b8a5e02847f0ce6fcb7170831d99f1c1789bc3307b55747d75a18eae95,,002c7e7e767c7c30,4.152901762178036,subject_quota=24; scan_quota=6 (MR1/mpr-2); slice_region=140-149; norm_quality=0.817; pick_round=21,24,6,140-149,0.8172730907636945,False,16849,496,248,3,,45.36660385131836,45.10021209716797,0.0,255.0,0.748422866805411,0.6552094172736732,255.8618927001953,45.10021209716797,,46,0.3333333333333333,0.8956521739130434,0.41552926444887367,0.496,0.07585818002124355,0.0,6,46
oasis_subset\Mild dementia\OAS1_0073_MR1_mpr-1_118.jpg,C:\Users\bhuva\OneDrive\Documents\AD_staging-main\data\oasis_subset\Mild dementia\OAS1_0073_MR1_mpr-1_118.jpg,Mild dementia,OAS1_0073_MR1_mpr-1_118.jpg,Mild Demented,2,OAS1_0073,MR1,mpr-1,118,True,False,,0.6469165661609242,cbf2c4d1eeac255ab12134ceb250382282f1788ccfd54067a8dfaa3d69ebb7f8,,387c7c7c706c4c3c,4.154387938928034,subject_quota=24; scan_quota=6 (MR1/mpr-1); slice_region=110-119; norm_quality=0.955; pick_round=7,24,6,110-119,0.9546181527389044,False,15866,496,248,3,,38.346946716308594,49.39024353027344,0.0,255.0,0.6572743236212278,0.5164379552549427,291.9564208984375,49.39024353027344,,47,0.3333333333333333,0.9063829787234042,0.1675456425708302,0.848,0.07585818002124355,0.0,6,47
oasis_subset\Mild dementia\OAS1_0268_MR1_mpr-3_103.jpg,C:\Users\bhuva\OneDrive\Documents\AD_staging-main\data\oasis_subset\Mild dementia\OAS1_0268_MR1_mpr-3_103.jpg,Mild dementia,OAS1_0268_MR1_mpr-3_103.jpg,Mild Demented,2,OAS1_0268,MR1,mpr-3,103,True,False,,0.6186414109741087,332ff3ee69ec1489a4fa852422755f61b31424e3281ebe8f458d6d65eaf7b260,,38787c74f0fc5878,4.103313420402288,subject_quota=24; scan_quota=6 (MR1/mpr-3); slice_region=100-109; norm_quality=0.915; pick_round=11,24,6,100-109,0.9152339064374252,False,15934,496,248,3,,36.16843795776367,45.44179916381836,0.0,251.0,0.6005706945889698,0.5273315556711758,327.04998779296875,45.44179916381836,,48,0.3333333333333333,0.9083333333333333,0.1736587310058673,0.728,0.02931223075135632,0.0,7,48
oasis_subset\Mild dementia\OAS1_0031_MR1_mpr-4_137.jpg,C:\Users\bhuva\OneDrive\Documents\AD_staging-main\data\oasis_subset\Mild dementia\OAS1_0031_MR1_mpr-4_137.jpg,Mild dementia,OAS1_0031_MR1_mpr-4_137.jpg,Mild Demented,2,OAS1_0031,MR1,mpr-4,137,True,False,,0.4549594463945568,7a96e209bc1edb6863ee8b760f3b4b40c6a3c3f167aba216548eb00b309fbad7,,386c7c7c7c7c4c30,4.0920752152068065,subject_quota=23; scan_quota=5 (MR1/mpr-4); slice_region=130-139; norm_quality=0.338; pick_round=8,23,5,130-139,0.338264694122351,False,15561,496,248,3,,37.42720031738281,42.238800048828125,0.0,251.0,0.6562174817898023,0.5919858870967742,237.6993865966797,42.238800048828125,,49,0.5,0.9102040816326531,0.4538105691296743,0.044,0.3775406687981454,0.0,4,49
oasis_subset\Mild dementia\OAS1_0053_MR1_mpr-3_154.jpg,C:\Users\bhuva\OneDrive\Documents\AD_staging-main\data\oasis_subset\Mild dementia\OAS1_0053_MR1_mpr-3_154.jpg,Mild dementia,OAS1_0053_MR1_mpr-3_154.jpg,Mild Demented,2,OAS1_0053,MR1,mpr-3,154,True,False,,0.4460999092656471,b2333a64accb3caabe122652f5c5c098046c86bb97ba6bb9970ebbb9a6376d01,,303c7c7e7c7e3c00,4.090552860194025,subject_quota=24; scan_quota=6 (MR1/mpr-3); slice_region=150-160; norm_quality=0.307; pick_round=24,24,6,150-160,0.3066773290683726,False,14796,496,248,3,,41.80112838745117,44.96803283691406,0.0,252.0,0.662030111862643,0.5815881893860562,195.57742309570312,44.96803283691406,,50,0.3333333333333333,0.904,0.6694995617201518,0.036,0.07585818002124355,0.0,6,50
oasis_subset\Mild dementia\OAS1_0278_MR1_mpr-2_127.jpg,C:\Users\bhuva\OneDrive\Documents\AD_staging-main\data\oasis_subset\Mild dementia\OAS1_0278_MR1_mpr-2_127.jpg,Mild dementia,OAS1_0278_MR1_mpr-2_127.jpg,Mild Demented,2,OAS1_0278,MR1,mpr-2,127,True,False,,0.624388838132299,03c0e35533fd05fbd540b5f7d938107ac57b62a66c870882e48ca6e708d9ea96,,6c7c747474747c28,4.061007834118668,subject_quota=24; scan_quota=6 (MR1/mpr-2); slice_region=120-129; norm_quality=0.926; pick_round=24,24,6,120-129,0.9262295081967212,False,16714,496,248,3,,42.38407897949219,47.91376495361328,0.0,255.0,0.7430167143600416,0.5884170135275755,268.6468505859375,47.91376495361328,,51,0.3333333333333333,0.8980392156862744,0.423096581232426,0.75,0.3775406687981454,0.0,4,51
oasis_subset\Mild dementia\OAS1_0185_MR1_mpr-3_120.jpg,C:\Users\bhuva\OneDrive\Documents\AD_staging-main\data\oasis_subset\Mild dementia\OAS1_0185_MR1_mpr-3_120.jpg,Mild dementia,OAS1_0185_MR1_mpr-3_120.jpg,Mild Demented,2,OAS1_0185,MR1,mpr-3,120,True,False,,0.6114516835775843,3f86141a234f215529564c5898c641f1ab4176ca5652f5044ff74c62b997a06b,,086c7e7c787c4c3c,3.996033958035555,subject_quota=24; scan_quota=6 (MR1/mpr-3); slice_region=120-129; norm_quality=0.898; pick_round=10,24,6,120-129,0.8982407037185126,False,16189,496,248,3,,41.14690017700195,48.42193603515625,0.0,253.0,0.6630219172736732,0.5580612643080125,265.1173400878906,48.42193603515625,,52,0.3333333333333333,0.9,0.1811536266321576,0.682,0.07585818002124355,0.0,6,52
oasis_subset\Mild dementia\OAS1_0067_MR1_mpr-3_117.jpg,C:\Users\bhuva\OneDrive\Documents\AD_staging-main\data\oasis_subset\Mild dementia\OAS1_0067_MR1_mpr-3_117.jpg,Mild dementia,OAS1_0067_MR1_mpr-3_117.jpg,Mild Demented,2,OAS1_0067,MR1,mpr-3,117,True,False,,0.6043569970912257,47b90b83e182dbea840acb12141274e14292816370a37ca3d2e4ac162b513ba0,,2c707e5c5c7e7428,3.9269247853161837,subject_quota=24; scan_quota=8 (MR1/mpr-3); slice_region=110-119; norm_quality=0.880; pick_round=5,24,8,110-119,0.8800479808076769,False,17386,496,248,3,,46.81805419921875,44.9978141784668,0.0,252.0,0.7831848335067638,0.6657127991675338,266.1624450683594,44.9978141784668,,53,0.3333333333333333,0.8943396226415095,0.13739125558083026,0.634,0.02931223075135632,0.0,7,53
oasis_subset\Mild dementia\OAS1_0316_MR1_mpr-4_136.jpg,C:\Users\bhuva\OneDrive\Documents\AD_staging-main\data\oasis_subset\Mild dementia\OAS1_0316_MR1_mpr-4_136.jpg,Mild dementia,OAS1_0316_MR1_mpr-4_136.jpg,Mild Demented,2,OAS1_0316,MR1,mpr-4,136,True,False,,0.4705721759246902,3d14fdcb14b38d2c8abc51721ecaff71f50f8461f7bcb8c8a44215856236ff90,,38747c7c7c7c6830,3.924657474602798,subject_quota=23; scan_quota=6 (MR1/mpr-4); slice_region=130-139; norm_quality=0.401; pick_round=13,23,6,130-139,0.400639744102359,False,15389,496,248,3,,41.07845687866211,45.19648742675781,0.0,255.0,0.709986342351717,0.5987090270551508,201.4482269287109,45.19648742675781,,54,0.5,0.9111111111111111,0.32098936993066673,0.074,0.3775406687981454,0.0,4,54
oasis_subset\Mild dementia\OAS1_0035_MR1_mpr-1_143.jpg,C:\Users\bhuva\OneDrive\Documents\AD_staging-main\data\oasis_subset\Mild dementia\OAS1_0035_MR1_mpr-1_143.jpg,Mild dementia,OAS1_0035_MR1_mpr-1_143.jpg,Mild Demented,2,OAS1_0035,MR1,mpr-1,143,True,False,,0.5433388219010913,4270793922180faae509143a93683739f14045013649ca037717060155e6a687,,38347e5e1e7e3428,3.795040640373102,subject_quota=24; scan_quota=6 (MR1/mpr-1); slice_region=140-149; norm_quality=0.679; pick_round=11,24,6,140-149,0.6785285885645742,False,16786,496,248,3,,43.87247085571289,44.87363052368164,0.0,255.0,0.7515039672216441,0.6539818548387096,231.9590759277344,44.87363052368164,,55,0.25,0.9127272727272727,0.4671738478752148,0.304,0.02931223075135632,0.0,7,55
oasis_subset\Mild dementia\OAS1_0134_MR1_mpr-4_124.jpg,C:\Users\bhuva\OneDrive\Documents\AD_staging-main\data\oasis_subset\Mild dementia\OAS1_0134_MR1_mpr-4_124.jpg,Mild dementia,OAS1_0134_MR1_mpr-4_124.jpg,Mild Demented,2,OAS1_0134,MR1,mpr-4,124,True,False,,0.6065338972531367,a94fcd01ac4b6dcb1fcd8be2d1170d2364de416e19c04971e11befdd789c1c65,,207c7cfcf4687c30,3.738074856988841,subject_quota=24; scan_quota=6 (MR1/mpr-4); slice_region=120-129; norm_quality=0.887; pick_round=9,24,6,120-129,0.8870451819272291,False,18085,496,248,3,,43.66992568969727,45.18350601196289,0.0,250.0,0.85340790842872,0.6705092351716961,262.85968017578125,45.18350601196289,,56,0.25,0.9071428571428571,0.247212638616172,0.644,0.07585818002124355,0.0,6,56
oasis_subset\Mild dementia\OAS1_0122_MR1_mpr-1_109.jpg,C:\Users\bhuva\OneDrive\Documents\AD_staging-main\data\oasis_subset\Mild dementia\OAS1_0122_MR1_mpr-1_109.jpg,Mild dementia,OAS1_0122_MR1_mpr-1_109.jpg,Mild Demented,2,OAS1_0122,MR1,mpr-1,109,True,False,,0.5462307671418004,117130876e1027c3bf6ccbc3292b3a94916a55721ef580075b303dd6c649e496,,3c347c3c3c7c3c38,3.725328846811769,subject_quota=23; scan_quota=6 (MR1/mpr-1); slice_region=100-109; norm_quality=0.689; pick_round=14,23,6,100-109,0.6887245101959216,False,16820,496,248,3,,43.078895568847656,45.59728240966797,0.0,255.0,0.8049639047866806,0.5938719432882414,248.3021697998047,45.59728240966797,,57,0.3333333333333333,0.9087719298245613,0.1930842199332186,0.32,0.02931223075135632,0.0,7,57
oasis_subset\Mild dementia\OAS1_0184_MR1_mpr-1_160.jpg,C:\Users\bhuva\OneDrive\Documents\AD_staging-main\data\oasis_subset\Mild dementia\OAS1_0184_MR1_mpr-1_160.jpg,Mild dementia,OAS1_0184_MR1_mpr-1_160.jpg,Mild Demented,2,OAS1_0184,MR1,mpr-1,160,True,False,,0.5418132953007008,3d6cda9fba04491ba861aa293fef2b0cab3e0bfca2d24c2e7b13d2df6212ce9b,,30787c6c6c7c7c38,3.699593238956907,subject_quota=24; scan_quota=6 (MR1/mpr-1); slice_region=150-160; norm_quality=0.672; pick_round=23,24,6,150-160,0.6719312275089964,False,14974,496,248,3,,43.15668869018555,48.7558708190918,0.0,255.0,0.6727286030176899,0.571832726326743,207.65663146972656,48.7558708190918,,58,0.3333333333333333,0.903448275862069,0.47494143744832634,0.3,0.3775406687981454,0.0,4,58
oasis_subset\Mild dementia\OAS1_0028_MR1_mpr-3_115.jpg,C:\Users\bhuva\OneDrive\Documents\AD_staging-main\data\oasis_subset\Mild dementia\OAS1_0028_MR1_mpr-3_115.jpg,Mild dementia,OAS1_0028_MR1_mpr-3_115.jpg,Mild Demented,2,OAS1_0028,MR1,mpr-3,115,True,False,,0.6464608230524889,4df4096452e961ff01a3ab9fa8eda2b40c679fc29c13ba03e4a8799a861ec2fd,,083c7c7c7c7c7c28,3.6822767177511766,subject_quota=24; scan_quota=6 (MR1/mpr-3); slice_region=110-119; norm_quality=0.954; pick_round=23,24,6,110-119,0.95421831267493,False,16760,496,248,3,,45.1888427734375,48.40239715576172,0.0,255.0,0.7153599765868887,0.6040094953173777,269.6827087402344,48.40239715576172,,59,0.25,0.8983050847457628,0.1723847840030115,0.846,0.18242552380635635,0.0,5,59
oasis_subset\Mild dementia\OAS1_0291_MR1_mpr-4_135.jpg,C:\Users\bhuva\OneDrive\Documents\AD_staging-main\data\oasis_subset\Mild dementia\OAS1_0291_MR1_mpr-4_135.jpg,Mild dementia,OAS1_0291_MR1_mpr-4_135.jpg,Mild Demented,2,OAS1_0291,MR1,mpr-4,135,True,False,,0.5250831935075853,5e185f562dfae1c1f8902e34975ee5cdaf2488028829a04384644df238df3ab4,,207c7e7c7c7c3c20,3.663727819820233,subject_quota=24; scan_quota=6 (MR1/mpr-4); slice_region=130-139; norm_quality=0.610; pick_round=17,24,6,130-139,0.6099560175929628,False,16384,496,248,3,,45.6920280456543,46.26583480834961,0.0,247.0,0.7299200052029137,0.6358204344432883,206.631576538086,46.26583480834961,,60,0.3333333333333333,0.9066666666666666,0.2640606455531,0.212,0.07585818002124355,0.0,6,60
oasis_subset\Mild dementia\OAS1_0278_MR1_mpr-4_106.jpg,C:\Users\bhuva\OneDrive\Documents\AD_staging-main\data\oasis_subset\Mild dementia\OAS1_0278_MR1_mpr-4_106.jpg,Mild dementia,OAS1_0278_MR1_mpr-4_106.jpg,Mild Demented,2,OAS1_0278,MR1,mpr-4,106,True,False,,0.7339719996050066,20414b225f11a3e213fa0e9511670757a5d4df343d56f2d8798bea705c390e43,,3c6e6878787c7c18,3.611086212930734,subject_quota=24; scan_quota=6 (MR1/mpr-4); slice_region=100-109; norm_quality=0.995; pick_round=5,24,6,100-109,0.995201919232307,False,16834,496,248,3,,43.91720962524414,51.05123519897461,0.0,253.0,0.692556581685744,0.5674021201873048,304.40289306640625,51.05123519897461,,61,0.25,0.9016393442622951,0.19123755110799412,0.974,0.3775406687981454,0.0,4,61
oasis_subset\Mild dementia\OAS1_0056_MR1_mpr-1_122.jpg,C:\Users\bhuva\OneDrive\Documents\AD_staging-main\data\oasis_subset\Mild dementia\OAS1_0056_MR1_mpr-1_122.jpg,Mild dementia,OAS1_0056_MR1_mpr-1_122.jpg,Mild Demented,2,OAS1_0056,MR1,mpr-1,122,True,False,,0.631691761288769,56dcbb528cc5a2f7cd9887b7d98ea04b5cee9a7a84132d5e6f7f19d2f7b6da8f,,186c7c7c5c7c3c2c,3.5637846964460276,subject_quota=24; scan_quota=6 (MR1/mpr-1); slice_region=120-129; norm_quality=0.936; pick_round=3,24,6,120-129,0.9364254298280688,False,16028,496,248,3,,40.25648880004883,48.60678863525391,0.0,251.0,0.7170753121748179,0.5493138657648283,279.6170654296875,48.60678863525391,,62,0.25,0.9032258064516129,0.19557526594563152,0.78,0.07585818002124355,0.15,6,62
oasis_subset\Mild dementia\OAS1_0137_MR1_mpr-4_129.jpg,C:\Users\bhuva\OneDrive\Documents\AD_staging-main\data\oasis_subset\Mild dementia\OAS1_0137_MR1_mpr-4_129.jpg,Mild dementia,OAS1_0137_MR1_mpr-4_129.jpg,Mild Demented,2,OAS1_0137,MR1,mpr-4,129,True,False,,0.5330966110866806,fc496d66d69ceca58cdba7a66f88f8f04a1eb3c748156d24c576c12eb4ece7f4,,386c7c7c7c7c6828,3.551859359121343,subject_quota=23; scan_quota=6 (MR1/mpr-4); slice_region=120-129; norm_quality=0.638; pick_round=9,23,6,120-129,0.6379448220711715,False,16395,496,248,3,,37.51515197753906,42.16516876220703,0.0,252.0,0.6780290712799167,0.5864659209157128,293.5472106933594,42.16516876220703,,63,0.3333333333333333,0.8984126984126983,0.4138329539506361,0.254,0.3775406687981454,0.0,4,63
oasis_subset\Mild dementia\OAS1_0373_MR1_mpr-2_148.jpg,C:\Users\bhuva\OneDrive\Documents\AD_staging-main\data\oasis_subset\Mild dementia\OAS1_0373_MR1_mpr-2_148.jpg,Mild dementia,OAS1_0373_MR1_mpr-2_148.jpg,Mild Demented,2,OAS1_0373,MR1,mpr-2,148,True,False,,0.5520778901920147,0a9055e223b5e25e9b8afe10c0ced397ecc6d0a80a9386486eb919c4fed03f75,,387c7c646c7c7c30,3.536471269927447,subject_quota=24; scan_quota=6 (MR1/mpr-2); slice_region=140-149; norm_quality=0.708; pick_round=11,24,6,140-149,0.7077169132347061,False,16239,496,248,3,,46.548622131347656,47.62977981567383,0.0,255.0,0.7417728928199792,0.6161469172736732,212.72802734375,47.62977981567383,,64,0.3333333333333333,0.9125,0.3167911592336974,0.356,0.3775406687981454,0.0,4,64
oasis_subset\Mild dementia\OAS1_0053_MR1_mpr-2_100.jpg,C:\Users\bhuva\OneDrive\Documents\AD_staging-main\data\oasis_subset\Mild dementia\OAS1_0053_MR1_mpr-2_100.jpg,Mild dementia,OAS1_0053_MR1_mpr-2_100.jpg,Mild Demented,2,OAS1_0053,MR1,mpr-2,100,True,False,,0.5500501289873306,3a246783809fea02a408bfd62a33bbb0607d8912f5969c34ca7f56021c782578,,3c6c6676706c6c3c,3.483247515747183,subject_quota=24; scan_quota=6 (MR1/mpr-2); slice_region=100-109; norm_quality=0.701; pick_round=10,24,6,100-109,0.7007197121151539,False,15508,496,248,3,,37.27199935913086,48.24136352539063,0.0,254.0,0.6442995577523413,0.5212669094693028,241.97935485839844,48.24136352539063,,65,0.25,0.9076923076923077,0.22736482054638188,0.34,0.01098694263059318,0.0,8,65
oasis_subset\Mild dementia\OAS1_0052_MR1_mpr-4_115.jpg,C:\Users\bhuva\OneDrive\Documents\AD_staging-main\data\oasis_subset\Mild dementia\OAS1_0052_MR1_mpr-4_115.jpg,Mild dementia,OAS1_0052_MR1_mpr-4_115.jpg,Mild Demented,2,OAS1_0052,MR1,mpr-4,115,True,False,,0.5784728598970509,e70eb6375e6c8992c152d6bf9d5aaae077dcc8fe63312934c4d3338d814ecb99,,2c2c7c78767c6c38,3.475311485654589,subject_quota=24; scan_quota=6 (MR1/mpr-4); slice_region=110-119; norm_quality=0.797; pick_round=21,24,6,110-119,0.797281087564974,False,15286,496,248,3,,37.72367477416992,48.597755432128906,0.0,253.0,0.6049606529656608,0.5181045135275755,257.08758544921875,48.597755432128906,,66,0.25,0.896969696969697,0.1470376151463963,0.474,0.01098694263059318,0.0,8,66
oasis_subset\Mild dementia\OAS1_0223_MR1_mpr-2_131.jpg,C:\Users\bhuva\OneDrive\Documents\AD_staging-main\data\oasis_subset\Mild dementia\OAS1_0223_MR1_mpr-2_131.jpg,Mild dementia,OAS1_0223_MR1_mpr-2_131.jpg,Mild Demented,2,OAS1_0223,MR1,mpr-2,131,True,False,,0.6875012321516694,27b584addfee39e8b3aec332254c3dd3083f2f3f5259107a762826dc4e11d1ef,,2c747e78785c742c,3.458901863003391,subject_quota=24; scan_quota=8 (MR1/mpr-2); slice_region=130-139; norm_quality=0.985; pick_round=6,24,8,130-139,0.985405837664934,False,17444,496,248,3,,45.44350051879883,47.8061408996582,0.0,252.0,0.7086693548387096,0.6426329994797086,289.9240417480469,47.8061408996582,,67,0.25,0.6044776119402986,0.26998430311158383,0.936,0.07585818002124355,0.0,6,67
oasis_subset\Mild dementia\OAS1_0269_MR1_mpr-1_150.jpg,C:\Users\bhuva\OneDrive\Documents\AD_staging-main\data\oasis_subset\Mild dementia\OAS1_0269_MR1_mpr-1_150.jpg,Mild dementia,OAS1_0269_MR1_mpr-1_150.jpg,Mild Demented,2,OAS1_0269,MR1,mpr-1,150,True,False,,0.548889820715145,a1562c7f9b200c534e9b03234ed1a1c047ee0bc68c24ece7c20ff0f078374218,,30787c7c7c7c7c20,3.4398944533414206,subject_quota=24; scan_quota=6 (MR1/mpr-1); slice_region=150-160; norm_quality=0.697; pick_round=3,24,6,150-160,0.6973210715713715,False,15082,496,248,3,,45.46104431152344,49.87355041503906,0.0,253.0,0.6792972814776275,0.5685646462018731,197.1775360107422,49.87355041503906,,68,0.3333333333333333,0.9058823529411765,0.27456347771093675,0.336,0.3775406687981454,0.0,4,68
oasis_subset\Mild dementia\OAS1_0073_MR1_mpr-3_110.jpg,C:\Users\bhuva\OneDrive\Documents\AD_staging-main\data\oasis_subset\Mild dementia\OAS1_0073_MR1_mpr-3_110.jpg,Mild dementia,OAS1_0073_MR1_mpr-3_110.jpg,Mild Demented,2,OAS1_0073,MR1,mpr-3,110,True,False,,0.6294305576018298,c9559666feb4caef6b2a55022a484d7f307ef7cf8001241e32d1a9c6e9194145,,386c6c7c706c6e3c,3.3829902573213855,subject_quota=24; scan_quota=6 (MR1/mpr-3); slice_region=110-119; norm_quality=0.934; pick_round=8,24,6,110-119,0.9338264694122352,False,15582,496,248,3,,36.44822311401367,50.45949172973633,0.0,252.0,0.6258048257023934,0.4810418834547346,279.1511535644531,50.45949172973633,,69,0.25,0.9072463768115941,0.16903087024345279,0.768,0.3775406687981454,0.0,4,69
oasis_subset\Mild dementia\OAS1_0031_MR1_mpr-3_105.jpg,C:\Users\bhuva\OneDrive\Documents\AD_staging-main\data\oasis_subset\Mild dementia\OAS1_0031_MR1_mpr-3_105.jpg,Mild dementia,OAS1_0031_MR1_mpr-3_105.jpg,Mild Demented,2,OAS1_0031,MR1,mpr-3,105,True,False,,0.4001922713153874,29e2283ffcf61c9a2a43b9ff7b5d401dee1c54c7db82ea6728b9fcff6f9bc7f6,,3878f8f0f8f87838,3.351806081104263,subject_quota=23; scan_quota=6 (MR1/mpr-3); slice_region=100-109; norm_quality=0.173; pick_round=17,23,6,100-109,0.1729308276689324,False,14284,496,248,3,,32.19464492797852,41.28816604614258,0.0,249.0,0.5601668184183143,0.5149177289281998,247.2974853515625,41.28816604614258,,70,0.3333333333333333,0.9028571428571428,0.13996186205562292,0.016,0.01098694263059318,0.0,8,70
oasis_subset\Mild dementia\OAS1_0268_MR1_mpr-4_127.jpg,C:\Users\bhuva\OneDrive\Documents\AD_staging-main\data\oasis_subset\Mild dementia\OAS1_0268_MR1_mpr-4_127.jpg,Mild dementia,OAS1_0268_MR1_mpr-4_127.jpg,Mild Demented,2,OAS1_0268,MR1,mpr-4,127,True,False,,0.5921448480468933,b70be970ce5999af84906b87b4a0a53779ba712a05d423068c3153ead1e5f466,,38747c7c5c7c7468,3.2790319226234823,subject_quota=24; scan_quota=6 (MR1/mpr-4); slice_region=120-129; norm_quality=0.843; pick_round=13,24,6,120-129,0.8432626949220312,False,16950,496,248,3,,40.8999252319336,43.073638916015625,0.0,255.0,0.6975969042663892,0.6344709287200833,299.6073303222656,43.073638916015625,,71,0.25,0.8985915492957746,0.2592650840115182,0.546,0.3775406687981454,0.0,4,71
oasis_subset\Mild dementia\OAS1_0382_MR1_mpr-1_122.jpg,C:\Users\bhuva\OneDrive\Documents\AD_staging-main\data\oasis_subset\Mild dementia\OAS1_0382_MR1_mpr-1_122.jpg,Mild dementia,OAS1_0382_MR1_mpr-1_122.jpg,Mild Demented,2,OAS1_0382,MR1,mpr-1,122,True,False,,0.6040526437478729,dc582f16077c895e41964c33c5a8eb11d5df3be27c5d44da8f85f0413885d8df,,307c7c787c7c7c30,3.2727892459457717,subject_quota=24; scan_quota=6 (MR1/mpr-1); slice_region=120-129; norm_quality=0.879; pick_round=3,24,6,120-129,0.8790483806477409,False,16907,496,248,3,,43.47344970703125,47.27280044555664,0.0,248.0,0.761576482830385,0.5759706685744017,269.7217712402344,47.27280044555664,,72,0.3333333333333333,0.9055555555555556,0.1635306655550433,0.63,0.6224593312018546,0.0,3,72
oasis_subset\Mild dementia\OAS1_0291_MR1_mpr-3_106.jpg,C:\Users\bhuva\OneDrive\Documents\AD_staging-main\data\oasis_subset\Mild dementia\OAS1_0291_MR1_mpr-3_106.jpg,Mild dementia,OAS1_0291_MR1_mpr-3_106.jpg,Mild Demented,2,OAS1_0291,MR1,mpr-3,106,True,False,,0.612974676355455,80b3ed5af61f901dbe9c5c976fcf152209206d62887450581931316133d74c06,,087c76787a7e7c28,3.2663115574402672,subject_quota=24; scan_quota=6 (MR1/mpr-3); slice_region=100-109; norm_quality=0.903; pick_round=15,24,6,100-109,0.9028388644542183,False,17165,496,248,3,,45.46731948852539,48.2264404296875,0.0,254.0,0.7413257674297606,0.6196263657648283,243.2863311767578,48.2264404296875,,73,0.25,0.9013698630136986,0.1423216398548624,0.694,0.18242552380635635,0.15,5,73
oasis_subset\Mild dementia\OAS1_0185_MR1_mpr-1_131.jpg,C:\Users\bhuva\OneDrive\Documents\AD_staging-main\data\oasis_subset\Mild dementia\OAS1_0185_MR1_mpr-1_131.jpg,Mild dementia,OAS1_0185_MR1_mpr-1_131.jpg,Mild Demented,2,OAS1_0185,MR1,mpr-1,131,True,False,,0.5921947490456252,1048039a3e2c637be4cb4e9b5fed7687252a553fc9a4a8f30c0df8248cd076f2,,207c7c7c707c7c38,3.2180028242218004,subject_quota=24; scan_quota=6 (MR1/mpr-1); slice_region=130-139; norm_quality=0.844; pick_round=7,24,6,130-139,0.84406237504998,False,16526,496,248,3,,44.03472137451172,46.845333099365234,0.0,255.0,0.7103033949011447,0.6105944328824141,253.62510681152344,46.845333099365234,,74,0.25,0.9027027027027027,0.2117641473337035,0.548,0.3775406687981454,0.0,4,74
oasis_subset\Mild dementia\OAS1_0184_MR1_mpr-2_134.jpg,C:\Users\bhuva\OneDrive\Documents\AD_staging-main\data\oasis_subset\Mild dementia\OAS1_0184_MR1_mpr-2_134.jpg,Mild dementia,OAS1_0184_MR1_mpr-2_134.jpg,Mild Demented,2,OAS1_0184,MR1,mpr-2,134,True,False,,0.6258318975323246,3b5ded50718f70a863ba76c9da7b797bf5948cf1bc08510aa8fcf0f9596db827,,307c7c7c7c7c7c08,3.1396261469006186,subject_quota=24; scan_quota=6 (MR1/mpr-2); slice_region=130-139; norm_quality=0.929; pick_round=4,24,6,130-139,0.928828468612555,False,16174,496,248,3,,44.90070724487305,48.5606689453125,0.0,255.0,0.6891828173777316,0.6100091050988553,250.9766082763672,48.5606689453125,,75,0.25,0.9093333333333333,0.20927378510335298,0.754,0.6224593312018546,0.0,3,75
oasis_subset\Mild dementia\OAS1_0223_MR1_mpr-3_121.jpg,C:\Users\bhuva\OneDrive\Documents\AD_staging-main\data\oasis_subset\Mild dementia\OAS1_0223_MR1_mpr-3_121.jpg,Mild dementia,OAS1_0223_MR1_mpr-3_121.jpg,Mild Demented,2,OAS1_0223,MR1,mpr-3,121,True,False,,0.6556855602800029,387ae9207af27bd9ca29163751e82e8199c51650e7577e0ef6d2bbcc28ad9440,,2c7e6e78584c7c2c,2.991867008818475,subject_quota=24; scan_quota=8 (MR1/mpr-3); slice_region=120-129; norm_quality=0.964; pick_round=16,24,8,120-129,0.9642143142742904,False,17077,496,248,3,,42.70978164672852,47.52631759643555,0.0,251.0,0.6854025754422477,0.6134072580645161,284.9512939453125,47.52631759643555,,76,0.2,0.6000000000000001,0.13659788269305037,0.878,0.07585818002124355,0.0,6,76
oasis_subset\Mild dementia\OAS1_0122_MR1_mpr-2_120.jpg,C:\Users\bhuva\OneDrive\Documents\AD_staging-main\data\oasis_subset\Mild dementia\OAS1_0122_MR1_mpr-2_120.jpg,Mild dementia,OAS1_0122_MR1_mpr-2_120.jpg,Mild Demented,2,OAS1_0122,MR1,mpr-2,120,True,False,,0.5180006381083152,fadb6db5b058858f587db96b4dc5eff1b9b2c5d77467e26d390eb5adb28a872f,,38347e7c7c7e3c10,2.955847738755108,subject_quota=23; scan_quota=6 (MR1/mpr-2); slice_region=120-129; norm_quality=0.583; pick_round=23,23,6,120-129,0.5827668932427029,False,16693,496,248,3,,43.9228744506836,44.65797424316406,0.0,252.0,0.8140039672216441,0.6259186394380853,229.89483642578125,44.65797424316406,,77,0.25,0.9064935064935065,0.12251423570554534,0.178,0.18242552380635635,0.0,5,77
oasis_subset\Mild dementia\OAS1_0052_MR1_mpr-2_158.jpg,C:\Users\bhuva\OneDrive\Documents\AD_staging-main\data\oasis_subset\Mild dementia\OAS1_0052_MR1_mpr-2_158.jpg,Mild dementia,OAS1_0052_MR1_mpr-2_158.jpg,Mild Demented,2,OAS1_0052,MR1,mpr-2,158,True,False,,0.568862511796361,42c6b6d4b2f85d585330c86dca51d5bdef48c5f361cf30a1f54aafa4ff91f266,,38647e7c767c2c38,2.9242818195427396,subject_quota=24; scan_quota=6 (MR1/mpr-2); slice_region=150-160; norm_quality=0.766; pick_round=23,24,6,150-160,0.7662934826069572,False,16630,496,248,3,,45.19530487060547,46.08141326904297,0.0,254.0,0.7370333636836629,0.6566646071800208,230.0341339111328,46.08141326904297,,78,0.2,0.6025641025641026,0.394788953084004,0.418,0.07585818002124355,0.0,6,78
oasis_subset\Mild dementia\OAS1_0134_MR1_mpr-4_140.jpg,C:\Users\bhuva\OneDrive\Documents\AD_staging-main\data\oasis_subset\Mild dementia\OAS1_0134_MR1_mpr-4_140.jpg,Mild dementia,OAS1_0134_MR1_mpr-4_140.jpg,Mild Demented,2,OAS1_0134,MR1,mpr-4,140,True,False,,0.5637614131434784,20c19fb0ae660c2e5eab15bfee8ad097c05fd31421f66ca24fe18c8af1be28b6,,307c7cdcdc5c6c38,2.910045659731413,subject_quota=24; scan_quota=6 (MR1/mpr-4); slice_region=140-149; norm_quality=0.749; pick_round=13,24,6,140-149,0.7489004398240704,False,17609,496,248,3,,44.32807540893555,45.879051208496094,0.0,255.0,0.8650819458896982,0.6375764177939646,237.6007537841797,45.879051208496094,,79,0.2,0.6037974683544305,0.3557502663045321,0.404,0.02931223075135632,0.0,7,79
oasis_subset\Mild dementia\OAS1_0067_MR1_mpr-1_113.jpg,C:\Users\bhuva\OneDrive\Documents\AD_staging-main\data\oasis_subset\Mild dementia\OAS1_0067_MR1_mpr-1_113.jpg,Mild dementia,OAS1_0067_MR1_mpr-1_113.jpg,Mild Demented,2,OAS1_0067,MR1,mpr-1,113,True,False,,0.6279053920554734,3fd872e042b03e0ab52c77403f701ae672bd8078b5d05ac9a83284a62f7baaa1,,2c747e5e56767408,2.860564284471717,subject_quota=24; scan_quota=8 (MR1/mpr-1); slice_region=110-119; norm_quality=0.932; pick_round=4,24,8,110-119,0.9320271891243502,False,17390,496,248,3,,46.25607299804688,45.28315734863281,0.0,251.0,0.7332937695109261,0.653721709157128,282.74755859375,45.28315734863281,,80,0.25,0.605,0.21898327513851695,0.766,0.18242552380635635,0.15,5,80
oasis_subset\Mild dementia\OAS1_0035_MR1_mpr-4_100.jpg,C:\Users\bhuva\OneDrive\Documents\AD_staging-main\data\oasis_subset\Mild dementia\OAS1_0035_MR1_mpr-4_100.jpg,Mild dementia,OAS1_0035_MR1_mpr-4_100.jpg,Mild Demented,2,OAS1_0035,MR1,mpr-4,100,True,False,,0.793177283471866,2e5055b173aecbf98d1f0b50fb32e7facea2686e2c1ea9df9098e95eda7d08aa,,186c7c7c707c3c3c,2.8211841379815135,subject_quota=24; scan_quota=6 (MR1/mpr-4); slice_region=100-109; norm_quality=0.999; pick_round=1,24,6,100-109,0.999000399840064,False,18322,496,248,3,,46.13394165039063,55.66313552856445,0.0,253.0,0.8010210718002081,0.5039428329864725,320.8061218261719,55.66313552856445,,81,0.2,0.6012345679012345,0.18517586945549255,0.994,0.3775406687981454,0.0,4,81
oasis_subset\Mild dementia\OAS1_0053_MR1_mpr-3_105.jpg,C:\Users\bhuva\OneDrive\Documents\AD_staging-main\data\oasis_subset\Mild dementia\OAS1_0053_MR1_mpr-3_105.jpg,Mild dementia,OAS1_0053_MR1_mpr-3_105.jpg,Mild Demented,2,OAS1_0053,MR1,mpr-3,105,True,False,,0.5991593916358166,402ae87fae71935864d651ac565be99ccc399c6db2d5bce6a9093712c71dbecf,,3c7c5c7e307c6c1c,2.737760528109934,subject_quota=24; scan_quota=6 (MR1/mpr-3); slice_region=100-109; norm_quality=0.866; pick_round=12,24,6,100-109,0.866453418632547,False,15782,496,248,3,,38.43329620361328,47.635684967041016,0.0,255.0,0.6526811264308012,0.5443873569198752,274.2621459960937,47.635684967041016,,82,0.2,0.602439024390244,0.11203810397255501,0.6,0.02931223075135632,0.0,7,82
oasis_subset\Mild dementia\OAS1_0316_MR1_mpr-1_130.jpg,C:\Users\bhuva\OneDrive\Documents\AD_staging-main\data\oasis_subset\Mild dementia\OAS1_0316_MR1_mpr-1_130.jpg,Mild dementia,OAS1_0316_MR1_mpr-1_130.jpg,Mild Demented,2,OAS1_0316,MR1,mpr-1,130,True,False,,0.45293271901012,f8393686149b5cc84d3ff39b1ffebb1fa88296564e7d850e0d31a5b3cfc026fa,,387c7c7c7c7c7030,2.723922221658145,subject_quota=23; scan_quota=6 (MR1/mpr-1); slice_region=130-139; norm_quality=0.329; pick_round=10,23,6,130-139,0.3292682926829268,False,15240,496,248,3,,40.44489669799805,44.58203506469727,0.0,254.0,0.7041493236212278,0.5967498048907388,199.5521697998047,44.58203506469727,,83,0.3333333333333333,0.9036144578313253,0.19354077960417737,0.04,0.6224593312018546,0.0,3,83
oasis_subset\Mild dementia\OAS1_0073_MR1_mpr-4_103.jpg,C:\Users\bhuva\OneDrive\Documents\AD_staging-main\data\oasis_subset\Mild dementia\OAS1_0073_MR1_mpr-4_103.jpg,Mild dementia,OAS1_0073_MR1_mpr-4_103.jpg,Mild Demented,2,OAS1_0073,MR1,mpr-4,103,True,True,extremely_low_foreground,0.6586586964542515,8b605198f4ddda240ae4f7cf0ebc2d1890d98e9c0e68e1df704a4d33dd29acc8,,386c667878786e3c,2.6864621120537406,subject_quota=24; scan_quota=6 (MR1/mpr-4); slice_region=100-109; norm_quality=0.968; pick_round=5,24,6,100-109,0.9676129548180727,False,15628,496,248,3,,36.769168853759766,51.79405975341797,0.0,250.0,0.6229838709677419,0.4562711368366285,289.3153381347656,51.79405975341797,,84,0.2,0.6000000000000001,0.12632795161171442,0.888,0.07585818002124355,0.0,6,84
oasis_subset\Mild dementia\OAS1_0268_MR1_mpr-1_120.jpg,C:\Users\bhuva\OneDrive\Documents\AD_staging-main\data\oasis_subset\Mild dementia\OAS1_0268_MR1_mpr-1_120.jpg,Mild dementia,OAS1_0268_MR1_mpr-1_120.jpg,Mild Demented,2,OAS1_0268,MR1,mpr-1,120,True,False,,0.6840401412585446,550933b7f7766eaf232b3e0c85e5b0f8cd89231d9c36a7efa53b0b5280abfc3d,,386c747c707c7c68,2.643018105378047,subject_quota=24; scan_quota=6 (MR1/mpr-1); slice_region=120-129; norm_quality=0.984; pick_round=2,24,6,120-129,0.9842063174730108,False,17283,496,248,3,,41.30672073364258,45.40510559082031,0.0,255.0,0.6826466571279917,0.6037656087408949,339.51348876953125,45.40510559082031,,85,0.2,0.6011764705882353,0.10914264409664717,0.93,0.3775406687981454,0.0,4,85
oasis_subset\Mild dementia\OAS1_0185_MR1_mpr-2_143.jpg,C:\Users\bhuva\OneDrive\Documents\AD_staging-main\data\oasis_subset\Mild dementia\OAS1_0185_MR1_mpr-2_143.jpg,Mild dementia,OAS1_0185_MR1_mpr-2_143.jpg,Mild Demented,2,OAS1_0185,MR1,mpr-2,143,True,False,,0.6402484941209134,421411d383d7366f8b4ad9ad2affc60ea0fc318a7a08253969084f8de12d68ae,,107c7c5c5c7c7c38,2.627746492169411,subject_quota=24; scan_quota=6 (MR1/mpr-2); slice_region=140-149; norm_quality=0.948; pick_round=4,24,6,140-149,0.9478208716513394,False,17294,496,248,3,,46.20757293701172,47.572540283203125,0.0,252.0,0.7404721644120708,0.6328856659729448,265.7547912597656,47.572540283203125,,86,0.2,0.6069767441860465,0.30789453700767855,0.83,0.3775406687981454,0.15,4,86
oasis_subset\Mild dementia\OAS1_0028_MR1_mpr-1_130.jpg,C:\Users\bhuva\OneDrive\Documents\AD_staging-main\data\oasis_subset\Mild dementia\OAS1_0028_MR1_mpr-1_130.jpg,Mild dementia,OAS1_0028_MR1_mpr-1_130.jpg,Mild Demented,2,OAS1_0028,MR1,mpr-1,130,True,False,,0.6380596069100692,95c62ff1f53d7d7c9246ab62b541e75d57eaadc6078d144d22eed7bb2b58de0e,,083c7e5e5e7e7430,2.619025754534939,subject_quota=24; scan_quota=6 (MR1/mpr-1); slice_region=130-139; norm_quality=0.946; pick_round=2,24,6,130-139,0.9458216713314674,False,17058,496,248,3,,45.99378967285156,46.1365966796875,0.0,255.0,0.7418216701352758,0.647982245057232,279.2917175292969,46.1365966796875,,87,0.2,0.5988505747126437,0.16215682187912078,0.822,0.18242552380635635,0.15,5,87
oasis_subset\Mild dementia\OAS1_0269_MR1_mpr-3_140.jpg,C:\Users\bhuva\OneDrive\Documents\AD_staging-main\data\oasis_subset\Mild dementia\OAS1_0269_MR1_mpr-3_140.jpg,Mild dementia,OAS1_0269_MR1_mpr-3_140.jpg,Mild Demented,2,OAS1_0269,MR1,mpr-3,140,True,True,extremely_bright,0.5737822134477844,7eefca6d389f048e5c2aeca334287016e9bc0e2e83621573d37364318883fe77,,307c7c6c6e7c7c30,2.5951484363966646,subject_quota=24; scan_quota=6 (MR1/mpr-3); slice_region=140-149; norm_quality=0.780; pick_round=6,24,6,140-149,0.7796881247501,False,15278,496,248,3,,49.78446960449219,51.24123001098633,0.0,254.0,0.737911355359001,0.5899047216441207,184.64923095703125,51.24123001098633,,88,0.25,0.9045454545454545,0.25533914958919207,0.45,0.6224593312018546,0.0,3,88
oasis_subset\Mild dementia\OAS1_0278_MR1_mpr-2_114.jpg,C:\Users\bhuva\OneDrive\Documents\AD_staging-main\data\oasis_subset\Mild dementia\OAS1_0278_MR1_mpr-2_114.jpg,Mild dementia,OAS1_0278_MR1_mpr-2_114.jpg,Mild Demented,2,OAS1_0278,MR1,mpr-2,114,True,False,,0.6300693855766524,5c7316c22c43aceddf96ac66254af5ca0354fa1d04f05fe45c9d725de490ccda,,2c7c7e50787c7c28,2.5533294237369533,subject_quota=24; scan_quota=6 (MR1/mpr-2); slice_region=110-119; norm_quality=0.934; pick_round=12,24,6,110-119,0.9342263094762095,False,16605,496,248,3,,43.44789123535156,49.38596725463867,0.0,255.0,0.7287412200832466,0.5698409859521332,258.3707580566406,49.38596725463867,,89,0.2,0.6056179775280899,0.14876151359200912,0.772,0.3775406687981454,0.0,4,89
oasis_subset\Mild dementia\OAS1_0223_MR1_mpr-1_158.jpg,C:\Users\bhuva\OneDrive\Documents\AD_staging-main\data\oasis_subset\Mild dementia\OAS1_0223_MR1_mpr-1_158.jpg,Mild dementia,OAS1_0223_MR1_mpr-1_158.jpg,Mild Demented,2,OAS1_0223,MR1,mpr-1,158,True,False,,0.6169743814969003,cd913d7210defeed2bbff4ee41c8313826f0e30a28f652d54441ca9fc9c74b46,,307c7e64647e7c30,2.5537419028359754,subject_quota=24; scan_quota=8 (MR1/mpr-1); slice_region=150-160; norm_quality=0.910; pick_round=11,24,8,150-160,0.9102359056377448,False,16597,496,248,3,,46.0891227722168,48.06093978881836,0.0,254.0,0.6952962408949012,0.6261137486992716,245.7143402099609,48.06093978881836,,90,0.16666666666666666,0.5977777777777777,0.2830456551947089,0.72,0.3775406687981454,0.0,4,90
oasis_subset\Mild dementia\OAS1_0053_MR1_mpr-4_125.jpg,C:\Users\bhuva\OneDrive\Documents\AD_staging-main\data\oasis_subset\Mild dementia\OAS1_0053_MR1_mpr-4_125.jpg,Mild dementia,OAS1_0053_MR1_mpr-4_125.jpg,Mild Demented,2,OAS1_0053,MR1,mpr-4,125,True,False,,0.5627713405304229,02cb7a86e1e6036507b09c2c3e20ea9410739c579ac53b14fdc5c86844115a40,,20747e5e7c7c261c,2.5368304685706686,subject_quota=24; scan_quota=6 (MR1/mpr-4); slice_region=120-129; norm_quality=0.745; pick_round=5,24,6,120-129,0.7451019592163135,False,16700,496,248,3,,45.30142593383789,45.24049377441406,0.0,255.0,0.7578368886576483,0.6530225676378772,239.9559631347656,45.24049377441406,,91,0.16666666666666666,0.6032967032967034,0.18030303987410073,0.398,0.004070137715896128,0.0,9,91
oasis_subset\Mild dementia\OAS1_0373_MR1_mpr-3_122.jpg,C:\Users\bhuva\OneDrive\Documents\AD_staging-main\data\oasis_subset\Mild dementia\OAS1_0373_MR1_mpr-3_122.jpg,Mild dementia,OAS1_0373_MR1_mpr-3_122.jpg,Mild Demented,2,OAS1_0373,MR1,mpr-3,122,True,False,,0.5885699307298443,9e0e1bfd82f469aeb8a578bf62a4eae6f5ef8f575ee4fc0149a18ef1fc7ba7f6,,28747c7c7c7c7430,2.517328836733408,subject_quota=24; scan_quota=6 (MR1/mpr-3); slice_region=120-129; norm_quality=0.830; pick_round=8,24,6,120-129,0.8298680527788884,False,16362,496,248,3,,43.004878997802734,45.89369201660156,0.0,255.0,0.6864838059313215,0.6139438085327783,263.9215087890625,45.89369201660156,,92,0.25,0.9043478260869565,0.1144817035617557,0.518,0.8175744761936437,0.0,2,92
oasis_subset\Mild dementia\OAS1_0052_MR1_mpr-1_105.jpg,C:\Users\bhuva\OneDrive\Documents\AD_staging-main\data\oasis_subset\Mild dementia\OAS1_0052_MR1_mpr-1_105.jpg,Mild dementia,OAS1_0052_MR1_mpr-1_105.jpg,Mild Demented,2,OAS1_0052,MR1,mpr-1,105,True,False,,0.5919553787940305,159995068b628723fb2ae70798db943c00cab95dbe537af8026abf4c46a21c0d,,3c6c6e787e746c18,2.5127646199105214,subject_quota=24; scan_quota=6 (MR1/mpr-1); slice_region=100-109; norm_quality=0.843; pick_round=10,24,6,100-109,0.8428628548580568,False,15100,496,248,3,,35.66671371459961,48.998329162597656,0.0,255.0,0.5601830775234131,0.497471709157128,268.8208312988281,48.998329162597656,,93,0.16666666666666666,0.5967741935483871,0.09714949509345276,0.542,0.02931223075135632,0.0,7,93
oasis_subset\Mild dementia\OAS1_0184_MR1_mpr-3_146.jpg,C:\Users\bhuva\OneDrive\Documents\AD_staging-main\data\oasis_subset\Mild dementia\OAS1_0184_MR1_mpr-3_146.jpg,Mild dementia,OAS1_0184_MR1_mpr-3_146.jpg,Mild Demented,2,OAS1_0184,MR1,mpr-3,146,True,False,,0.642970434264263,51ec59f72d4ff3a48dc50d262dbc8706d11575fce69c7877a1a12c42621b956d,,307c7c7c7c7c4c28,2.462815372111717,subject_quota=24; scan_quota=6 (MR1/mpr-3); slice_region=140-149; norm_quality=0.950; pick_round=2,24,6,140-149,0.9504198320671732,False,16451,496,248,3,,46.50335693359375,49.11708450317383,0.0,255.0,0.6972554630593132,0.6179354188345474,250.90185546875,49.11708450317383,,94,0.2,0.6021276595744681,0.24634083326698675,0.836,0.6224593312018546,0.0,3,94
oasis_subset\Mild dementia\OAS1_0137_MR1_mpr-2_103.jpg,C:\Users\bhuva\OneDrive\Documents\AD_staging-main\data\oasis_subset\Mild dementia\OAS1_0137_MR1_mpr-2_103.jpg,Mild dementia,OAS1_0137_MR1_mpr-2_103.jpg,Mild Demented,2,OAS1_0137,MR1,mpr-2,103,True,False,,0.542729822170565,2a962787fa8c809c6445159d528f7d3e5b5f6336f9fd599114671543b0c59642,,18787cf8f8787838,2.4593982638190512,subject_quota=23; scan_quota=6 (MR1/mpr-2); slice_region=100-109; norm_quality=0.676; pick_round=19,23,6,100-109,0.6759296281487405,False,15671,496,248,3,,36.41503143310547,42.70063400268555,0.0,255.0,0.6174232570239334,0.5549639047866806,305.2410583496094,42.70063400268555,,95,0.25,0.6073684210526316,0.10771469983376404,0.302,0.18242552380635635,0.0,5,95
oasis_subset\Mild dementia\OAS1_0028_MR1_mpr-3_120.jpg,C:\Users\bhuva\OneDrive\Documents\AD_staging-main\data\oasis_subset\Mild dementia\OAS1_0028_MR1_mpr-3_120.jpg,Mild dementia,OAS1_0028_MR1_mpr-3_120.jpg,Mild Demented,2,OAS1_0028,MR1,mpr-3,120,True,False,,0.6580562386346868,7afbd113d970e76c1a1e3cfe2da1dad85d0c2ed09a047b739bfcb0c7ac89ef77,,187c7e7e7c767c28,2.4420375097919065,subject_quota=24; scan_quota=6 (MR1/mpr-3); slice_region=120-129; norm_quality=0.967; pick_round=3,24,6,120-129,0.9670131947221112,False,17174,496,248,3,,46.060523986816406,46.99375915527344,0.0,255.0,0.7307329604578564,0.6349668314255983,285.4306945800781,46.99375915527344,,96,0.16666666666666666,0.6000000000000001,0.09494643015973328,0.886,0.3775406687981454,0.0,4,96
oasis_subset\Mild dementia\OAS1_0031_MR1_mpr-2_126.jpg,C:\Users\bhuva\OneDrive\Documents\AD_staging-main\data\oasis_subset\Mild dementia\OAS1_0031_MR1_mpr-2_126.jpg,Mild dementia,OAS1_0031_MR1_mpr-2_126.jpg,Mild Demented,2,OAS1_0031,MR1,mpr-2,126,True,False,,0.491521490399862,cdca771d8793514694ab838e4dc30e58308f115da6830c34efd6b2304fe86858,,08787c7c7c7c7838,2.4288750927920253,subject_quota=23; scan_quota=6 (MR1/mpr-2); slice_region=120-129; norm_quality=0.480; pick_round=7,23,6,120-129,0.479608156737305,False,15355,496,248,3,,35.347984313964844,42.49771118164063,0.0,252.0,0.624561004162331,0.5664184443288242,269.0914001464844,42.49771118164063,,97,0.25,0.9051546391752577,0.16367800770527355,0.12,0.6224593312018546,0.0,3,97
oasis_subset\Mild dementia\OAS1_0067_MR1_mpr-3_106.jpg,C:\Users\bhuva\OneDrive\Documents\AD_staging-main\data\oasis_subset\Mild dementia\OAS1_0067_MR1_mpr-3_106.jpg,Mild dementia,OAS1_0067_MR1_mpr-3_106.jpg,Mild Demented,2,OAS1_0067,MR1,mpr-3,106,True,False,,0.6755192500996501,dd806d9cd8d49750ea6d3e6f2a6451c592abe8778e11dbb318dd9d0f76db0874,,2c7c766666747c0c,2.394149179804406,subject_quota=24; scan_quota=8 (MR1/mpr-3); slice_region=100-109; norm_quality=0.980; pick_round=2,24,8,100-109,0.980407836865254,False,17353,496,248,3,,47.17959976196289,48.40752410888672,0.0,255.0,0.7523982180020812,0.621577458376691,281.7607727050781,48.40752410888672,,98,0.2,0.5979591836734695,0.1020942939449026,0.914,0.18242552380635635,0.3,5,98
oasis_subset\Mild dementia\OAS1_0382_MR1_mpr-2_142.jpg,C:\Users\bhuva\OneDrive\Documents\AD_staging-main\data\oasis_subset\Mild dementia\OAS1_0382_MR1_mpr-2_142.jpg,Mild dementia,OAS1_0382_MR1_mpr-2_142.jpg,Mild Demented,2,OAS1_0382,MR1,mpr-2,142,True,False,,0.5465960959078231,bf09c219811b02446b77a18f2bf36b417236c274a4956131245a3bb3c50f8cf3,,307c7c7c7c7c7830,2.365155873409118,subject_quota=24; scan_quota=6 (MR1/mpr-2); slice_region=140-149; norm_quality=0.691; pick_round=8,24,6,140-149,0.6909236305477809,False,16095,496,248,3,,44.15407180786133,49.04801177978516,0.0,255.0,0.7619829604578564,0.5345180801248699,222.1396942138672,49.04801177978516,,99,0.25,0.9030303030303031,0.2267103006030801,0.328,0.9241418199787566,0.0,1,99
oasis_subset\Mild dementia\OAS1_0134_MR1_mpr-3_120.jpg,C:\Users\bhuva\OneDrive\Documents\AD_staging-main\data\oasis_subset\Mild dementia\OAS1_0134_MR1_mpr-3_120.jpg,Mild dementia,OAS1_0134_MR1_mpr-3_120.jpg,Mild Demented,2,OAS1_0134,MR1,mpr-3,120,True,False,,0.6376641258083752,21d3207630cfb02e0b4fc5de29cfcca61d846deceb98afcd0824561b0f36846f,,207c74f4f4747c38,2.364824612576809,subject_quota=24; scan_quota=6 (MR1/mpr-3); slice_region=120-129; norm_quality=0.945; pick_round=2,24,6,120-129,0.9452219112355058,False,17750,496,248,3,,42.7950553894043,45.76920318603516,0.0,251.0,0.8103131503642039,0.6170574271592092,297.41912841796875,45.76920318603516,,100,0.16666666666666666,0.596,0.08671238291458147,0.82,0.18242552380635635,0.15,5,100
oasis_subset\Moderate dementia\OAS1_0351_MR1_mpr-1_102.jpg,C:\Users\bhuva\OneDrive\Documents\AD_staging-main\data\oasis_subset\Moderate dementia\OAS1_0351_MR1_mpr-1_102.jpg,Moderate dementia,OAS1_0351_MR1_mpr-1_102.jpg,Moderate Demented,3,OAS1_0351,MR1,mpr-1,102,True,False,,0.8060592266625874,ce3fd3db9ccdce4bbde577846a03e67d87dfb1cabeb99dab1ab10bedd02dee49,,182c7e78707e7e2c,8.500000000603107,mandatory: all images of this class included; subject_quota=244; scan_quota=61 (MR1/mpr-1); slice_region=100-109; norm_quality=1.000; pick_round=6,244,61,100-109,1.0,False,16706,496,248,3,,44.39182662963867,55.29473876953125,0.0,253.0,0.6264877081165453,0.5161452913631633,324.3474426269531,55.29473876953125,,1,1.0,1.0,1.0,1.0,0.0,0.0,-1,1
oasis_subset\Moderate dementia\OAS1_0308_MR1_mpr-2_134.jpg,C:\Users\bhuva\OneDrive\Documents\AD_staging-main\data\oasis_subset\Moderate dementia\OAS1_0308_MR1_mpr-2_134.jpg,Moderate dementia,OAS1_0308_MR1_mpr-2_134.jpg,Moderate Demented,3,OAS1_0308,MR1,mpr-2,134,True,False,,0.613497652281189,1e09f275b621651455fb6923d2f67294ef34b82254d4026a639188f4efc9d81c,,183c7c7c7c747c28,8.26150927799416,mandatory: all images of this class included; subject_quota=244; scan_quota=61 (MR1/mpr-2); slice_region=130-139; norm_quality=0.766; pick_round=4,244,61,130-139,0.7663934426229508,False,16315,496,248,3,,44.27143859863281,47.71881484985352,0.0,252.0,0.6927029136316337,0.6062857700312175,256.7560119628906,47.71881484985352,,2,1.0,1.0,1.0,0.7663934426229508,0.004070137715896128,0.0,9,2
oasis_subset\Moderate dementia\OAS1_0351_MR1_mpr-4_117.jpg,C:\Users\bhuva\OneDrive\Documents\AD_staging-main\data\oasis_subset\Moderate dementia\OAS1_0351_MR1_mpr-4_117.jpg,Moderate dementia,OAS1_0351_MR1_mpr-4_117.jpg,Moderate Demented,3,OAS1_0351,MR1,mpr-4,117,True,False,,0.699504874074446,5da015fc728ca131915b0591e9eb38853cc28f326157b7a799312e50de20ebbd,,384c6c7c787c6c3c,6.463362515988903,mandatory: all images of this class included; subject_quota=244; scan_quota=61 (MR1/mpr-4); slice_region=110-119; norm_quality=0.965; pick_round=8,244,61,110-119,0.9651639344262296,False,17745,496,248,3,,44.27744674682617,49.26188278198242,0.0,255.0,0.7438134105098856,0.5996683142559833,294.3395080566406,49.26188278198242,,3,0.5,1.0,1.0,0.9651639344262295,0.0015011822567369917,0.0,10,3
oasis_subset\Moderate dementia\OAS1_0308_MR1_mpr-3_140.jpg,C:\Users\bhuva\OneDrive\Documents\AD_staging-main\data\oasis_subset\Moderate dementia\OAS1_0308_MR1_mpr-3_140.jpg,Moderate dementia,OAS1_0308_MR1_mpr-3_140.jpg,Moderate Demented,3,OAS1_0308,MR1,mpr-3,140,True,False,,0.6045444926415999,883c4d27c7e401326ee8aa0b425764e44b38e90e45c159e29ca22a7beea7916a,,38347e5c5c7e7418,6.243915129002413,mandatory: all images of this class included; subject_quota=244; scan_quota=61 (MR1/mpr-3); slice_region=140-149; norm_quality=0.746; pick_round=17,244,61,140-149,0.7459016393442623,False,16271,496,248,3,,45.31006240844727,47.77961349487305,0.0,250.0,0.7200182101977107,0.6109196149843913,247.90533447265625,47.77961349487305,,4,0.5,1.0,0.9998766054240137,0.7459016393442623,0.0015011822567369917,0.0,10,4
oasis_subset\Moderate dementia\OAS1_0351_MR1_mpr-2_127.jpg,C:\Users\bhuva\OneDrive\Documents\AD_staging-main\data\oasis_subset\Moderate dementia\OAS1_0351_MR1_mpr-2_127.jpg,Moderate dementia,OAS1_0351_MR1_mpr-2_127.jpg,Moderate Demented,3,OAS1_0351,MR1,mpr-2,127,True,False,,0.6685214339832556,eaecb6c3f5049d81081fc0eb198f61c34df6975eb587d90e289e1fb3cdeddf39,,187c767c786c6c3c,5.543889184381962,mandatory: all images of this class included; subject_quota=244; scan_quota=61 (MR1/mpr-2); slice_region=120-129; norm_quality=0.906; pick_round=145,244,61,120-129,0.9057377049180328,False,17439,496,248,3,,42.70553970336914,47.62199020385742,0.0,255.0,0.7282453173777316,0.5980098855359001,298.5876159667969,47.62199020385742,,5,0.3333333333333333,0.92,0.9999952148916172,0.9057377049180327,0.02931223075135632,0.0,7,5
oasis_subset\Moderate dementia\OAS1_0351_MR1_mpr-3_107.jpg,C:\Users\bhuva\OneDrive\Documents\AD_staging-main\data\oasis_subset\Moderate dementia\OAS1_0351_MR1_mpr-3_107.jpg,Moderate dementia,OAS1_0351_MR1_mpr-3_107.jpg,Moderate Demented,3,OAS1_0351,MR1,mpr-3,107,True,False,,0.6625173479601992,5ccdcd2a0094f8841bfb97dceb26a06b3b365a5533f7d3fdb03cd662474def54,,184c6e78347e6e3c,5.217946150358818,mandatory: all images of this class included; subject_quota=244; scan_quota=61 (MR1/mpr-3); slice_region=100-109; norm_quality=0.889; pick_round=39,244,61,100-109,0.889344262295082,False,17163,496,248,3,,42.35139846801758,50.52346420288086,0.0,252.0,0.7151079604578564,0.5346237643080125,277.9926452636719,50.52346420288086,,6,0.25,0.9333333333333333,0.998073265322838,0.889344262295082,0.02931223075135632,0.0,7,6
oasis_subset\Moderate dementia\OAS1_0308_MR1_mpr-1_145.jpg,C:\Users\bhuva\OneDrive\Documents\AD_staging-main\data\oasis_subset\Moderate dementia\OAS1_0308_MR1_mpr-1_145.jpg,Moderate dementia,OAS1_0308_MR1_mpr-1_145.jpg,Moderate Demented,3,OAS1_0308,MR1,mpr-1,145,True,False,,0.5341951727166733,fa3929048f988cb2399da490de32d517595ce37471a0414bb18fa5199920d814,,18247c7c7c7e7438,5.194799832979332,mandatory: all images of this class included; subject_quota=244; scan_quota=61 (MR1/mpr-1); slice_region=140-149; norm_quality=0.570; pick_round=18,244,61,140-149,0.569672131147541,False,15977,496,248,3,,43.760528564453125,45.81624603271485,0.0,248.0,0.7240504682622269,0.6204149323621228,225.8682403564453,45.81624603271485,,7,0.3333333333333333,0.9428571428571428,0.9980732653366,0.569672131147541,0.07585818002124355,0.0,6,7
oasis_subset\Moderate dementia\OAS1_0308_MR1_mpr-4_151.jpg,C:\Users\bhuva\OneDrive\Documents\AD_staging-main\data\oasis_subset\Moderate dementia\OAS1_0308_MR1_mpr-4_151.jpg,Moderate dementia,OAS1_0308_MR1_mpr-4_151.jpg,Moderate Demented,3,OAS1_0308,MR1,mpr-4,151,True,False,,0.5112836919479274,f9516d1b9d80a8d188cdd76ddf099a3f96b13be2e7ae02877384e27fb9ec7a3f,,302c7c7c7c7c7c30,4.765752306158197,mandatory: all images of this class included; subject_quota=244; scan_quota=61 (MR1/mpr-4); slice_region=150-160; norm_quality=0.457; pick_round=27,244,61,150-160,0.4569672131147541,False,16005,496,248,3,,44.599853515625,45.15144729614258,0.0,255.0,0.7251479578563996,0.637202458376691,213.33840942382807,45.15144729614258,,8,0.25,0.95,0.9998766054239409,0.4569672131147541,0.07585818002124355,0.0,6,8
oasis_subset\Moderate dementia\OAS1_0308_MR1_mpr-3_113.jpg,C:\Users\bhuva\OneDrive\Documents\AD_staging-main\data\oasis_subset\Moderate dementia\OAS1_0308_MR1_mpr-3_113.jpg,Moderate dementia,OAS1_0308_MR1_mpr-3_113.jpg,Moderate Demented,3,OAS1_0308,MR1,mpr-3,113,True,False,,0.5551781349517978,9b2080a2dd7a178ef055186360a8fc052a2b869d2f13af78e2200bed599c8655,,386c7c74747c6c38,4.041329679307719,mandatory: all images of this class included; subject_quota=244; scan_quota=61 (MR1/mpr-3); slice_region=110-119; norm_quality=0.637; pick_round=9,244,61,110-119,0.6372950819672131,False,14784,496,248,3,,36.15901565551758,49.00008773803711,0.0,248.0,0.6185776534859522,0.4751398283038501,253.4527130126953,49.00008773803711,,9,0.2,0.6111111111111112,0.981894794080648,0.6372950819672131,0.07585818002124355,0.0,6,9
oasis_subset\Moderate dementia\OAS1_0351_MR1_mpr-2_122.jpg,C:\Users\bhuva\OneDrive\Documents\AD_staging-main\data\oasis_subset\Moderate dementia\OAS1_0351_MR1_mpr-2_122.jpg,Moderate dementia,OAS1_0351_MR1_mpr-2_122.jpg,Moderate Demented,3,OAS1_0351,MR1,mpr-2,122,True,False,,0.7003444914762611,0c670574e571e486cbb1f38e2a46c68718573f5caf4ee548697e3e08c9cde98e,,184c7c7c7c7c4c3c,4.05044440218034,mandatory: all images of this class included; subject_quota=244; scan_quota=61 (MR1/mpr-2); slice_region=120-129; norm_quality=0.969; pick_round=37,244,61,120-129,0.9692622950819672,False,17360,496,248,3,,41.68983459472656,48.62752151489258,0.0,249.0,0.7150754422476587,0.562670720603538,319.80059814453125,48.62752151489258,,10,0.2,0.6200000000000001,0.9961539394156168,0.9692622950819673,0.3775406687981454,0.0,4,10
oasis_subset\Moderate dementia\OAS1_0351_MR1_mpr-1_137.jpg,C:\Users\bhuva\OneDrive\Documents\AD_staging-main\data\oasis_subset\Moderate dementia\OAS1_0351_MR1_mpr-1_137.jpg,Moderate dementia,OAS1_0351_MR1_mpr-1_137.jpg,Moderate Demented,3,OAS1_0351,MR1,mpr-1,137,True,False,,0.5873844140187516,45b77ebdd5e44661cbc52713254ffb4abadfb982503fd16f755a8cef81b2f50a,,187c6c7c707c7c38,3.773952156683488,mandatory: all images of this class included; subject_quota=244; scan_quota=61 (MR1/mpr-1); slice_region=130-139; norm_quality=0.705; pick_round=182,244,61,130-139,0.7049180327868853,False,16800,496,248,3,,43.93610000610352,47.3484001159668,0.0,255.0,0.7282697060353798,0.6114236472424558,242.5796661376953,47.3484001159668,,11,0.16666666666666666,0.6272727272727272,0.825901212352317,0.7049180327868853,0.07585818002124355,0.0,6,11
oasis_subset\Moderate dementia\OAS1_0351_MR1_mpr-3_155.jpg,C:\Users\bhuva\OneDrive\Documents\AD_staging-main\data\oasis_subset\Moderate dementia\OAS1_0351_MR1_mpr-3_155.jpg,Moderate dementia,OAS1_0351_MR1_mpr-3_155.jpg,Moderate Demented,3,OAS1_0351,MR1,mpr-3,155,True,False,,0.5587666190888421,d38ec5445bbf46f4981db2e0eddd901aaf766765c2992bf88d2a9fe02c20cc14,,20647e7c7c7c7c38,3.677177972196175,mandatory: all images of this class included; subject_quota=244; scan_quota=61 (MR1/mpr-3); slice_region=150-160; norm_quality=0.652; pick_round=15,244,61,150-160,0.6516393442622951,False,17414,496,248,3,,44.21476745605469,44.12326049804688,0.0,252.0,0.7742098074921956,0.6713547086368367,246.1880798339844,44.12326049804688,,12,0.14285714285714285,0.6000000000000001,0.9820137900245155,0.6516393442622951,0.18242552380635635,0.0,5,12
oasis_subset\Moderate dementia\OAS1_0351_MR1_mpr-4_110.jpg,C:\Users\bhuva\OneDrive\Documents\AD_staging-main\data\oasis_subset\Moderate dementia\OAS1_0351_MR1_mpr-4_110.jpg,Moderate dementia,OAS1_0351_MR1_mpr-4_110.jpg,Moderate Demented,3,OAS1_0351,MR1,mpr-4,110,True,False,,0.579870244387069,e4b8afc6d91bdcace4ac27e51143c4c8c285f20175ee1b3bdb3c9ebad46bd487,,104c6e78787c7e3c,3.3923631347989973,mandatory: all images of this class included; subject_quota=244; scan_quota=61 (MR1/mpr-4); slice_region=110-119; norm_quality=0.693; pick_round=156,244,61,110-119,0.6926229508196722,False,17187,496,248,3,,41.08518981933594,46.671653747558594,0.0,255.0,0.7301232440166493,0.5892299687825182,256.86981201171875,46.671653747558594,,13,0.125,0.6384615384615384,0.8258979483848065,0.6926229508196722,0.07585818002124355,0.15,6,13
oasis_subset\Moderate dementia\OAS1_0308_MR1_mpr-1_129.jpg,C:\Users\bhuva\OneDrive\Documents\AD_staging-main\data\oasis_subset\Moderate dementia\OAS1_0308_MR1_mpr-1_129.jpg,Moderate dementia,OAS1_0308_MR1_mpr-1_129.jpg,Moderate Demented,3,OAS1_0308,MR1,mpr-1,129,True,False,,0.5619348069019894,0b18009deaa425ff75008fc337aadafd9a13d730d5eff556a23b60dfec86eb27,,083c6c7c7c7c7c38,3.1929655448854635,mandatory: all images of this class included; subject_quota=244; scan_quota=61 (MR1/mpr-1); slice_region=120-129; norm_quality=0.656; pick_round=2,244,61,120-129,0.6557377049180327,False,15845,496,248,3,,40.5006103515625,46.9106674194336,0.0,255.0,0.6775819458896982,0.5734748959417274,247.87384033203125,46.9106674194336,,14,0.16666666666666666,0.6142857142857143,0.7300256977360404,0.6557377049180327,0.3775406687981454,0.0,4,14
oasis_subset\Moderate dementia\OAS1_0351_MR1_mpr-3_148.jpg,C:\Users\bhuva\OneDrive\Documents\AD_staging-main\data\oasis_subset\Moderate dementia\OAS1_0351_MR1_mpr-3_148.jpg,Moderate dementia,OAS1_0351_MR1_mpr-3_148.jpg,Moderate Demented,3,OAS1_0351,MR1,mpr-3,148,True,False,,0.540657352435089,4aee91965f71319d2ce9f1ebd83b74cb8fcca517f915bb72a9d263c5e321de2f,,307c745c5c7c7c38,3.173190512773721,mandatory: all images of this class included; subject_quota=244; scan_quota=61 (MR1/mpr-3); slice_region=140-149; norm_quality=0.594; pick_round=187,244,61,140-149,0.5942622950819673,False,17402,496,248,3,,41.94669342041016,43.84526443481445,0.0,255.0,0.7759983090530698,0.6645258844953174,241.0179901123047,43.84526443481445,,15,0.1111111111111111,0.4933333333333334,0.8258979483847569,0.5942622950819673,0.07585818002124355,0.0,6,15
oasis_subset\Moderate dementia\OAS1_0308_MR1_mpr-4_159.jpg,C:\Users\bhuva\OneDrive\Documents\AD_staging-main\data\oasis_subset\Moderate dementia\OAS1_0308_MR1_mpr-4_159.jpg,Moderate dementia,OAS1_0308_MR1_mpr-4_159.jpg,Moderate Demented,3,OAS1_0308,MR1,mpr-4,159,True,False,,0.4369359816875894,cd9d04eab1e9d6f36c488f1e7ee5acd7d6197ab18fd433a53d9af631a2b61e57,,307c7c6c6c7c7c30,3.109842914325906,mandatory: all images of this class included; subject_quota=244; scan_quota=61 (MR1/mpr-4); slice_region=150-160; norm_quality=0.268; pick_round=19,244,61,150-160,0.2684426229508196,False,15119,496,248,3,,41.98017120361328,44.36687469482422,0.0,246.0,0.7123113943808532,0.6047167663891779,188.6770782470703,44.36687469482422,,16,0.14285714285714285,0.625,0.9820136815144325,0.26844262295081966,0.3775406687981454,0.0,4,16
oasis_subset\Moderate dementia\OAS1_0351_MR1_mpr-1_132.jpg,C:\Users\bhuva\OneDrive\Documents\AD_staging-main\data\oasis_subset\Moderate dementia\OAS1_0351_MR1_mpr-1_132.jpg,Moderate dementia,OAS1_0351_MR1_mpr-1_132.jpg,Moderate Demented,3,OAS1_0351,MR1,mpr-1,132,True,False,,0.619946214195898,fb10c59bee72dfd5889f14231e59775898c8bb1278670988f9e3459bb6b99b90,,187c7c74786c7c1c,2.997264571327782,mandatory: all images of this class included; subject_quota=244; scan_quota=61 (MR1/mpr-1); slice_region=130-139; norm_quality=0.789; pick_round=146,244,61,130-139,0.7889344262295082,False,16903,496,248,3,,44.602237701416016,48.60346221923828,0.0,251.0,0.7246276664932362,0.5882219042663892,255.5055389404297,48.60346221923828,,17,0.1,0.5058823529411764,0.6769840449770385,0.7889344262295082,0.18242552380635635,0.0,5,17
oasis_subset\Moderate dementia\OAS1_0351_MR1_mpr-2_143.jpg,C:\Users\bhuva\OneDrive\Documents\AD_staging-main\data\oasis_subset\Moderate dementia\OAS1_0351_MR1_mpr-2_143.jpg,Moderate dementia,OAS1_0351_MR1_mpr-2_143.jpg,Moderate Demented,3,OAS1_0351,MR1,mpr-2,143,True,False,,0.5499820383194141,ae9aad182cecd38636ce880fdb4e2c3a822c33a09008cad817b0228a8e4d4359,,287c7c747c6c7c38,2.8408171809872096,mandatory: all images of this class included; subject_quota=244; scan_quota=61 (MR1/mpr-2); slice_region=140-149; norm_quality=0.613; pick_round=205,244,61,140-149,0.6127049180327869,False,17248,496,248,3,,39.71685409545898,43.23550796508789,0.0,251.0,0.756235366805411,0.6512015478668054,261.905029296875,43.23550796508789,,18,0.09090909090909091,0.5333333333333333,0.6778132404192959,0.6127049180327869,0.18242552380635635,0.0,5,18
oasis_subset\Moderate dementia\OAS1_0308_MR1_mpr-4_105.jpg,C:\Users\bhuva\OneDrive\Documents\AD_staging-main\data\oasis_subset\Moderate dementia\OAS1_0308_MR1_mpr-4_105.jpg,Moderate dementia,OAS1_0308_MR1_mpr-4_105.jpg,Moderate Demented,3,OAS1_0308,MR1,mpr-4,105,True,False,,0.4491493505933738,8598011c55c034123e02038aff8625c192807a80eca6ec6fd1a1d2ff006c8c85,,307c7c787c7c6838,2.7483376548926914,mandatory: all images of this class included; subject_quota=244; scan_quota=61 (MR1/mpr-4); slice_region=100-109; norm_quality=0.291; pick_round=79,244,61,100-109,0.290983606557377,False,14376,496,248,3,,32.084938049316406,44.631744384765625,0.0,253.0,0.5599066727367326,0.477399843912591,246.20535278320312,44.631744384765625,,19,0.125,0.5157894736842106,0.6778699441637305,0.29098360655737704,0.07585818002124355,0.0,6,19
oasis_subset\Moderate dementia\OAS1_0351_MR1_mpr-3_100.jpg,C:\Users\bhuva\OneDrive\Documents\AD_staging-main\data\oasis_subset\Moderate dementia\OAS1_0351_MR1_mpr-3_100.jpg,Moderate dementia,OAS1_0351_MR1_mpr-3_100.jpg,Moderate Demented,3,OAS1_0351,MR1,mpr-3,100,True,False,,0.6338190925065059,37dcfa86b4a1b78f84433a0b3673b310f82e5a3e99993e3ee27efb517a83f35f,,086c7e7c505c7e3c,2.671066146219393,mandatory: all images of this class included; subject_quota=244; scan_quota=61 (MR1/mpr-3); slice_region=100-109; norm_quality=0.828; pick_round=55,244,61,100-109,0.8278688524590164,False,16816,496,248,3,,41.66550064086914,49.9765853881836,0.0,255.0,0.6975969042663892,0.5315264047866806,268.1467590332031,49.9765853881836,,20,0.08333333333333333,0.45000000000000007,0.7300257577028997,0.8278688524590164,0.02931223075135632,0.3,7,20
oasis_subset\Moderate dementia\OAS1_0308_MR1_mpr-2_119.jpg,C:\Users\bhuva\OneDrive\Documents\AD_staging-main\data\oasis_subset\Moderate dementia\OAS1_0308_MR1_mpr-2_119.jpg,Moderate dementia,OAS1_0308_MR1_mpr-2_119.jpg,Moderate Demented,3,OAS1_0308,MR1,mpr-2,119,True,False,,0.4491729886292132,9875e107ca8b772b425bef7ef0f57a572844b3f489d13a806532e8794ae81c68,,187c7c74747c5c38,2.550099445821444,mandatory: all images of this class included; subject_quota=244; scan_quota=61 (MR1/mpr-2); slice_region=110-119; norm_quality=0.293; pick_round=60,244,61,110-119,0.2930327868852459,False,14688,496,248,3,,35.844783782958984,45.45240783691406,0.0,245.0,0.6353733090530698,0.5248195239334027,214.1972045898437,45.45240783691406,,21,0.1111111111111111,0.6238095238095238,0.6787013125107777,0.2930327868852459,0.3775406687981454,0.0,4,21
oasis_subset\Moderate dementia\OAS1_0351_MR1_mpr-1_114.jpg,C:\Users\bhuva\OneDrive\Documents\AD_staging-main\data\oasis_subset\Moderate dementia\OAS1_0351_MR1_mpr-1_114.jpg,Moderate dementia,OAS1_0351_MR1_mpr-1_114.jpg,Moderate Demented,3,OAS1_0351,MR1,mpr-1,114,True,False,,0.6518362151397887,3024c87cd1114194e8acfaba1159828287f86c4c8f3ae460f5d1d60a0504b262,,304c7c78787e6e3c,2.4384445170959954,mandatory: all images of this class included; subject_quota=244; scan_quota=61 (MR1/mpr-1); slice_region=110-119; norm_quality=0.869; pick_round=118,244,61,110-119,0.8688524590163934,False,16823,496,248,3,,40.615116119384766,48.45229721069336,0.0,255.0,0.6857196279916753,0.5510698491155047,294.697265625,48.45229721069336,,22,0.07692307692307693,0.4590909090909091,0.5250857071376966,0.8688524590163934,0.18242552380635635,0.15,5,22
oasis_subset\Moderate dementia\OAS1_0351_MR1_mpr-4_160.jpg,C:\Users\bhuva\OneDrive\Documents\AD_staging-main\data\oasis_subset\Moderate dementia\OAS1_0351_MR1_mpr-4_160.jpg,Moderate dementia,OAS1_0351_MR1_mpr-4_160.jpg,Moderate Demented,3,OAS1_0351,MR1,mpr-4,160,True,False,,0.5324989161728535,47933bfa2b7a5f03ba296844c7a944d37ec096ea16dcccd847dc76ee870d324f,,206c7c7c7c7e7430,2.256430893339739,mandatory: all images of this class included; subject_quota=244; scan_quota=61 (MR1/mpr-4); slice_region=150-160; norm_quality=0.555; pick_round=64,244,61,150-160,0.555327868852459,False,17574,496,248,3,,45.37870788574219,43.64785003662109,0.0,247.0,0.7630235431841832,0.6709888787721123,235.7696075439453,43.64785003662109,,23,0.07142857142857142,0.5130434782608696,0.5615670563889575,0.555327868852459,0.3775406687981454,0.0,4,23
oasis_subset\Moderate dementia\OAS1_0308_MR1_mpr-3_137.jpg,C:\Users\bhuva\OneDrive\Documents\AD_staging-main\data\oasis_subset\Moderate dementia\OAS1_0308_MR1_mpr-3_137.jpg,Moderate dementia,OAS1_0308_MR1_mpr-3_137.jpg,Moderate Demented,3,OAS1_0308,MR1,mpr-3,137,True,False,,0.5798172063113314,4c3ec9d095a92063e3e0287626498d3896d4d2e109ce4580be4e2e93dd620f08,,18647e7c5c767c18,2.2274020475121574,mandatory: all images of this class included; subject_quota=244; scan_quota=61 (MR1/mpr-3); slice_region=130-139; norm_quality=0.691; pick_round=53,244,61,130-139,0.6905737704918032,False,16287,496,248,3,,44.60414123535156,47.19866561889648,0.0,252.0,0.7123926899063475,0.6068710978147763,241.6285400390625,47.19866561889648,,24,0.1,0.5,0.45190539485146586,0.6905737704918032,0.07585818002124355,0.3,6,24
oasis_subset\Moderate dementia\OAS1_0351_MR1_mpr-3_125.jpg,C:\Users\bhuva\OneDrive\Documents\AD_staging-main\data\oasis_subset\Moderate dementia\OAS1_0351_MR1_mpr-3_125.jpg,Moderate dementia,OAS1_0351_MR1_mpr-3_125.jpg,Moderate Demented,3,OAS1_0351,MR1,mpr-3,125,True,False,,0.6398669435928874,93be2113b0a54f524741ded84c851ce7f3550f85ea3bcda729c02015f519f26b,,187c6c7c787c4c3c,2.0314782173207715,mandatory: all images of this class included; subject_quota=244; scan_quota=61 (MR1/mpr-3); slice_region=120-129; norm_quality=0.846; pick_round=67,244,61,120-129,0.8463114754098361,False,17438,496,248,3,,42.84008407592773,47.60129165649414,0.0,255.0,0.7509348985431842,0.5913517819979188,282.4476928710937,47.60129165649414,,25,0.06666666666666667,0.408,0.6703659184534144,0.8463114754098361,0.3775406687981454,0.3,4,25
oasis_subset\Moderate dementia\OAS1_0308_MR1_mpr-1_109.jpg,C:\Users\bhuva\OneDrive\Documents\AD_staging-main\data\oasis_subset\Moderate dementia\OAS1_0308_MR1_mpr-1_109.jpg,Moderate dementia,OAS1_0308_MR1_mpr-1_109.jpg,Moderate Demented,3,OAS1_0308,MR1,mpr-1,109,True,False,,0.5108798145982438,9c8f34b6c3e2b000ed59d56f80bc3fd2d87d810daf87d1cca1383b5f2a16e053,,386c6c787c7c6c38,1.8402623351733451,mandatory: all images of this class included; subject_quota=244; scan_quota=61 (MR1/mpr-1); slice_region=100-109; norm_quality=0.453; pick_round=50,244,61,100-109,0.4528688524590163,False,14541,496,248,3,,32.29755783081055,45.31207656860352,0.0,255.0,0.5852546175858481,0.4677500650364204,281.573486328125,45.31207656860352,,26,0.09090909090909091,0.5076923076923077,0.4576142038671588,0.45286885245901637,0.3775406687981454,0.15,4,26
oasis_subset\Moderate dementia\OAS1_0308_MR1_mpr-4_147.jpg,C:\Users\bhuva\OneDrive\Documents\AD_staging-main\data\oasis_subset\Moderate dementia\OAS1_0308_MR1_mpr-4_147.jpg,Moderate dementia,OAS1_0308_MR1_mpr-4_147.jpg,Moderate Demented,3,OAS1_0308,MR1,mpr-4,147,True,False,,0.5275216698311901,d2eb14d17004d0ed176123144edb4c8956b0c46a1ac886c2a1c990147417a35b,,38247e5c7c7c6c38,1.8105584022896037,mandatory: all images of this class included; subject_quota=244; scan_quota=61 (MR1/mpr-4); slice_region=140-149; norm_quality=0.537; pick_round=43,244,61,140-149,0.5368852459016393,False,16143,496,248,3,,44.2212142944336,45.44441986083984,0.0,249.0,0.726107245057232,0.6386088709677419,219.29861450195312,45.44441986083984,,27,0.08333333333333333,0.46111111111111114,0.4580188195064645,0.5368852459016393,0.18242552380635635,0.3,5,27
oasis_subset\Moderate dementia\OAS1_0351_MR1_mpr-2_151.jpg,C:\Users\bhuva\OneDrive\Documents\AD_staging-main\data\oasis_subset\Moderate dementia\OAS1_0351_MR1_mpr-2_151.jpg,Moderate dementia,OAS1_0351_MR1_mpr-2_151.jpg,Moderate Demented,3,OAS1_0351,MR1,mpr-2,151,True,False,,0.5358530088204594,3747e889726b66e21abadff794678603059ca5724b0bc5408ac12b317fe87ae7,,307c7c7c7c7c7c28,1.8071926311587998,mandatory: all images of this class included; subject_quota=244; scan_quota=61 (MR1/mpr-2); slice_region=150-160; norm_quality=0.578; pick_round=201,244,61,150-160,0.5778688524590164,False,17172,496,248,3,,41.78007125854492,43.64424514770508,0.0,254.0,0.76079604578564,0.6577864854318418,243.59767150878903,43.64424514770508,,28,0.0625,0.47857142857142854,0.46681981556718494,0.5778688524590164,0.3775406687981454,0.15,4,28
oasis_subset\Moderate dementia\OAS1_0351_MR1_mpr-1_120.jpg,C:\Users\bhuva\OneDrive\Documents\AD_staging-main\data\oasis_subset\Moderate dementia\OAS1_0351_MR1_mpr-1_120.jpg,Moderate dementia,OAS1_0351_MR1_mpr-1_120.jpg,Moderate Demented,3,OAS1_0351,MR1,mpr-1,120,True,False,,0.6724487833974349,2d223c5a1b14a48e66c0497433638da8973d3cadb60846cda5b99607f2731df2,,184c6c787c7c6e3c,1.7626160559826418,mandatory: all images of this class included; subject_quota=244; scan_quota=61 (MR1/mpr-1); slice_region=120-129; norm_quality=0.918; pick_round=26,244,61,120-129,0.918032786885246,False,17035,496,248,3,,41.38738250732422,48.55376434326172,0.0,251.0,0.7039298257023934,0.5623048907388137,302.3254089355469,48.55376434326172,,29,0.058823529411764705,0.42344827586206896,0.44362760090866865,0.9180327868852459,0.3775406687981454,0.3,4,29
oasis_subset\Moderate dementia\OAS1_0308_MR1_mpr-2_102.jpg,C:\Users\bhuva\OneDrive\Documents\AD_staging-main\data\oasis_subset\Moderate dementia\OAS1_0308_MR1_mpr-2_102.jpg,Moderate dementia,OAS1_0308_MR1_mpr-2_102.jpg,Moderate Demented,3,OAS1_0308,MR1,mpr-2,102,True,False,,0.4158955685588161,2611f2473052fb8ea9aa9dbc365c6f00cdb9d20ef1252569b4d22f1206a58db6,,30787cf8f87c7838,1.7351997194404543,mandatory: all images of this class included; subject_quota=244; scan_quota=61 (MR1/mpr-2); slice_region=100-109; norm_quality=0.225; pick_round=24,244,61,100-109,0.2254098360655737,False,13792,496,248,3,,30.98132705688477,44.80487060546875,0.0,254.0,0.5386885405827263,0.451775494276795,232.03500366210932,44.80487060546875,,30,0.07692307692307693,0.52,0.4040054689901341,0.22540983606557377,0.18242552380635635,0.15,5,30
oasis_subset\Moderate dementia\OAS1_0351_MR1_mpr-3_104.jpg,C:\Users\bhuva\OneDrive\Documents\AD_staging-main\data\oasis_subset\Moderate dementia\OAS1_0351_MR1_mpr-3_104.jpg,Moderate dementia,OAS1_0351_MR1_mpr-3_104.jpg,Moderate Demented,3,OAS1_0351,MR1,mpr-3,104,True,False,,0.6732614534177273,6d498b3c4f8702cf3d4963d7145661ac6a7839cb587581370c04a4648e2594a3,,184c5e78707e7e3c,1.6009149245346013,mandatory: all images of this class included; subject_quota=244; scan_quota=61 (MR1/mpr-3); slice_region=100-109; norm_quality=0.920; pick_round=63,244,61,100-109,0.9200819672131147,False,17024,496,248,3,,42.56209182739258,50.6806869506836,0.0,255.0,0.70909209157128,0.536249674817898,282.18927001953125,50.6806869506836,,31,0.05555555555555555,0.3967741935483871,0.37874076653182154,0.9200819672131147,0.3775406687981454,0.3,4,31
oasis_subset\Moderate dementia\OAS1_0351_MR1_mpr-2_134.jpg,C:\Users\bhuva\OneDrive\Documents\AD_staging-main\data\oasis_subset\Moderate dementia\OAS1_0351_MR1_mpr-2_134.jpg,Moderate dementia,OAS1_0351_MR1_mpr-2_134.jpg,Moderate Demented,3,OAS1_0351,MR1,mpr-2,134,True,False,,0.6369208705728978,9879e4144adad778d7074e95bf5fbdb98c3ca8a6c324b89d0c122c9334d617fb,,287c7c7c787c7c18,1.5897725064629962,mandatory: all images of this class included; subject_quota=244; scan_quota=61 (MR1/mpr-2); slice_region=130-139; norm_quality=0.836; pick_round=121,244,61,130-139,0.8360655737704918,False,17293,496,248,3,,44.97308349609375,48.26902770996094,0.0,255.0,0.7424557752341311,0.6014649453694069,266.3244323730469,48.26902770996094,,32,0.05263157894736842,0.4325,0.38748627901657684,0.8360655737704918,0.3775406687981454,0.3,4,32
oasis_subset\Moderate dementia\OAS1_0308_MR1_mpr-3_132.jpg,C:\Users\bhuva\OneDrive\Documents\AD_staging-main\data\oasis_subset\Moderate dementia\OAS1_0308_MR1_mpr-3_132.jpg,Moderate dementia,OAS1_0308_MR1_mpr-3_132.jpg,Moderate Demented,3,OAS1_0308,MR1,mpr-3,132,True,False,,0.5822233509833314,e7d3964f2a38c0cd1eeea9c500f7a8fafb7b4c9a6ddc0fa321a937f5ef7e31d0,,383c6c7c747c7c28,1.488083811498065,mandatory: all images of this class included; subject_quota=244; scan_quota=61 (MR1/mpr-3); slice_region=130-139; norm_quality=0.697; pick_round=25,244,61,130-139,0.6967213114754098,False,16155,496,248,3,,42.26591110229492,47.23130798339844,0.0,253.0,0.6982472684703434,0.5886690296566077,250.373764038086,47.23130798339844,,33,0.07142857142857142,0.4409090909090909,0.3512525566262577,0.6967213114754098,0.3775406687981454,0.3,4,33
oasis_subset\Moderate dementia\OAS1_0308_MR1_mpr-1_155.jpg,C:\Users\bhuva\OneDrive\Documents\AD_staging-main\data\oasis_subset\Moderate dementia\OAS1_0308_MR1_mpr-1_155.jpg,Moderate dementia,OAS1_0308_MR1_mpr-1_155.jpg,Moderate Demented,3,OAS1_0308,MR1,mpr-1,155,True,False,,0.4114911146040715,9a16bc9af3f412c04f92a9b23e5c9297f1c83ca64919ad1a4bb082197a66df17,,103c7c6c7c7c7c38,1.4448055507908222,mandatory: all images of this class included; subject_quota=244; scan_quota=61 (MR1/mpr-1); slice_region=150-160; norm_quality=0.215; pick_round=158,244,61,150-160,0.2151639344262295,False,15268,496,248,3,,41.04372024536133,43.02654266357422,0.0,249.0,0.7201482830385015,0.5970018210197711,194.7283477783203,43.02654266357422,,34,0.06666666666666667,0.4558823529411765,0.4861726970617459,0.2151639344262295,0.3775406687981454,0.15,4,34
oasis_subset\Moderate dementia\OAS1_0351_MR1_mpr-4_140.jpg,C:\Users\bhuva\OneDrive\Documents\AD_staging-main\data\oasis_subset\Moderate dementia\OAS1_0351_MR1_mpr-4_140.jpg,Moderate dementia,OAS1_0351_MR1_mpr-4_140.jpg,Moderate Demented,3,OAS1_0351,MR1,mpr-4,140,True,False,,0.5336590359919217,9318a46f642b496f5bfbd4a94c2e8694105c06cca0f4f4aa04f7c1fe9982a04a,,287c6c7c747c7c38,1.3785768851566578,mandatory: all images of this class included; subject_quota=244; scan_quota=61 (MR1/mpr-4); slice_region=140-149; norm_quality=0.564; pick_round=180,244,61,140-149,0.5635245901639344,False,17407,496,248,3,,41.38274002075195,42.83615493774414,0.0,252.0,0.7747057101977107,0.674232570239334,247.24383544921875,42.83615493774414,,35,0.05,0.4700000000000001,0.43133566099623605,0.5635245901639344,0.6224593312018546,0.15,3,35
oasis_subset\Moderate dementia\OAS1_0351_MR1_mpr-2_146.jpg,C:\Users\bhuva\OneDrive\Documents\AD_staging-main\data\oasis_subset\Moderate dementia\OAS1_0351_MR1_mpr-2_146.jpg,Moderate dementia,OAS1_0351_MR1_mpr-2_146.jpg,Moderate Demented,3,OAS1_0351,MR1,mpr-2,146,True,False,,0.553511975441919,8119ec353c6996621bbc07a46279773d38151a02f2bfb5a91efbb479948159a4,,387c7c5c546c7c38,1.2391314090013497,mandatory: all images of this class included; subject_quota=244; scan_quota=61 (MR1/mpr-2); slice_region=140-149; norm_quality=0.635; pick_round=197,244,61,140-149,0.6352459016393442,False,17221,496,248,3,,40.10760116577149,43.21842956542969,0.0,249.0,0.7592920785639958,0.6554370447450573,262.7559509277344,43.21842956542969,,36,0.047619047619047616,0.4111111111111111,0.32949059803338393,0.6352459016393442,0.3775406687981454,0.3,4,36
oasis_subset\Moderate dementia\OAS1_0308_MR1_mpr-1_123.jpg,C:\Users\bhuva\OneDrive\Documents\AD_staging-main\data\oasis_subset\Moderate dementia\OAS1_0308_MR1_mpr-1_123.jpg,Moderate dementia,OAS1_0308_MR1_mpr-1_123.jpg,Moderate Demented,3,OAS1_0308,MR1,mpr-1,123,True,False,,0.5098558488704102,ec70eb547f1b7af033ddbb8c69ce4ab182a02101ae722ef20f16a45de220812c,,183c7c7c747c7c38,1.2275448481789284,mandatory: all images of this class included; subject_quota=244; scan_quota=61 (MR1/mpr-1); slice_region=120-129; norm_quality=0.449; pick_round=30,244,61,120-129,0.4487704918032787,False,15299,496,248,3,,38.90638732910156,45.90117263793945,0.0,246.0,0.6542663891779397,0.5622886316337149,232.58822631835932,45.90117263793945,,37,0.0625,0.4227027027027027,0.4368800983462324,0.4487704918032787,0.6224593312018546,0.15,3,37
oasis_subset\Moderate dementia\OAS1_0308_MR1_mpr-4_142.jpg,C:\Users\bhuva\OneDrive\Documents\AD_staging-main\data\oasis_subset\Moderate dementia\OAS1_0308_MR1_mpr-4_142.jpg,Moderate dementia,OAS1_0308_MR1_mpr-4_142.jpg,Moderate Demented,3,OAS1_0308,MR1,mpr-4,142,True,False,,0.5021773236741167,529db640e5c2c8fb1b2c9382aa33534bfc5d102aba38b17af8f369d871359945,,38747c5c5c7c7438,1.1932369856100804,mandatory: all images of this class included; subject_quota=244; scan_quota=61 (MR1/mpr-4); slice_region=140-149; norm_quality=0.422; pick_round=35,244,61,140-149,0.4221311475409836,False,15969,496,248,3,,43.70848083496094,44.869285583496094,0.0,240.0,0.7213108090530698,0.6347961108220603,212.42269897460932,44.869285583496094,,38,0.058823529411764705,0.43578947368421056,0.3781877164577218,0.42213114754098363,0.3775406687981454,0.3,4,38
oasis_subset\Moderate dementia\OAS1_0351_MR1_mpr-4_128.jpg,C:\Users\bhuva\OneDrive\Documents\AD_staging-main\data\oasis_subset\Moderate dementia\OAS1_0351_MR1_mpr-4_128.jpg,Moderate dementia,OAS1_0351_MR1_mpr-4_128.jpg,Moderate Demented,3,OAS1_0351,MR1,mpr-4,128,True,False,,0.5980338594574093,10c536a0397f045b0049dfba6d3aaed8fe1b7ed4c8f57e898a50919690827e50,,387c7c7c786c4c38,1.1106236005524628,mandatory: all images of this class included; subject_quota=244; scan_quota=61 (MR1/mpr-4); slice_region=120-129; norm_quality=0.721; pick_round=128,244,61,120-129,0.7213114754098361,False,17543,496,248,3,,43.76464080810547,46.54704284667969,0.0,255.0,0.7611943938605619,0.6314223465140478,253.2600250244141,46.54704284667969,,39,0.045454545454545456,0.4276923076923077,0.37010542020938036,0.7213114754098361,0.3775406687981454,0.5,4,39
oasis_subset\Moderate dementia\OAS1_0351_MR1_mpr-2_112.jpg,C:\Users\bhuva\OneDrive\Documents\AD_staging-main\data\oasis_subset\Moderate dementia\OAS1_0351_MR1_mpr-2_112.jpg,Moderate dementia,OAS1_0351_MR1_mpr-2_112.jpg,Moderate Demented,3,OAS1_0351,MR1,mpr-2,112,True,False,,0.6797402245473853,be75d8afffbc83f97d2c9a726e029e7b98afd2cabd2c0989b0cc806db05e688c,,184c6e78787c6e3c,1.0444603017495218,mandatory: all images of this class included; subject_quota=244; scan_quota=61 (MR1/mpr-2); slice_region=110-119; norm_quality=0.939; pick_round=69,244,61,110-119,0.9385245901639344,False,16915,496,248,3,,40.71396255493164,49.32296752929688,0.0,255.0,0.6759641649323621,0.5378349375650364,306.0348815917969,49.32296752929688,,40,0.043478260869565216,0.3957142857142858,0.38112231161692267,0.9385245901639344,0.8175744761936437,0.3,2,40
oasis_subset\Moderate dementia\OAS1_0308_MR1_mpr-1_116.jpg,C:\Users\bhuva\OneDrive\Documents\AD_staging-main\data\oasis_subset\Moderate dementia\OAS1_0308_MR1_mpr-1_116.jpg,Moderate dementia,OAS1_0308_MR1_mpr-1_116.jpg,Moderate Demented,3,OAS1_0308,MR1,mpr-1,116,True,False,,0.5232971051877607,2fa7c5bff3ff5f6a526d6bda4b9bd513def44b31fb975ad2528a7b08e0b3bff6,,387c6c74747c6c38,0.95567817120629,mandatory: all images of this class included; subject_quota=244; scan_quota=61 (MR1/mpr-1); slice_region=110-119; norm_quality=0.508; pick_round=82,244,61,110-119,0.5081967213114754,False,14863,496,248,3,,35.658485412597656,47.00061798095703,0.0,249.0,0.6229188345473465,0.4992195629552549,251.6699066162109,47.00061798095703,,41,0.05555555555555555,0.4024390243902439,0.4176470331799282,0.5081967213114754,0.8175744761936437,0.15,2,41
oasis_subset\Moderate dementia\OAS1_0351_MR1_mpr-1_105.jpg,C:\Users\bhuva\OneDrive\Documents\AD_staging-main\data\oasis_subset\Moderate dementia\OAS1_0351_MR1_mpr-1_105.jpg,Moderate dementia,OAS1_0351_MR1_mpr-1_105.jpg,Moderate Demented,3,OAS1_0351,MR1,mpr-1,105,True,False,,0.6813794550885015,6a3e6206d2b5f7ab8c8c03ab87a261104b8de4acca81a03dcf28086dc2f28b34,,182c5e78707e6e3c,0.8466462232490063,mandatory: all images of this class included; subject_quota=244; scan_quota=61 (MR1/mpr-1); slice_region=100-109; norm_quality=0.943; pick_round=34,244,61,100-109,0.9426229508196722,False,16421,496,248,3,,41.72608184814453,51.76502227783203,0.0,253.0,0.6421208376690947,0.521405111862643,277.7474060058594,51.76502227783203,,42,0.041666666666666664,0.3952380952380952,0.29588774153521347,0.9426229508196722,0.6224593312018546,0.5,3,42
oasis_subset\Moderate dementia\OAS1_0351_MR1_mpr-3_130.jpg,C:\Users\bhuva\OneDrive\Documents\AD_staging-main\data\oasis_subset\Moderate dementia\OAS1_0351_MR1_mpr-3_130.jpg,Moderate dementia,OAS1_0351_MR1_mpr-3_130.jpg,Moderate Demented,3,OAS1_0351,MR1,mpr-3,130,True,False,,0.6255248969283609,4095cd165b3563bcc248c0798f28433e0ea64afcbcd03b9db81aa03e614bd46d,,187c7c74786c6c3c,0.8173057408581643,mandatory: all images of this class included; subject_quota=244; scan_quota=61 (MR1/mpr-3); slice_region=130-139; norm_quality=0.807; pick_round=87,244,61,130-139,0.8073770491803278,False,17473,496,248,3,,45.058353424072266,48.1268424987793,0.0,252.0,0.7595684833506764,0.5967416753381893,262.7627868652344,48.1268424987793,,43,0.04,0.3926910299003322,0.3304240016560965,0.8073770491803278,0.8175744761936437,0.3,2,43
oasis_subset\Moderate dementia\OAS1_0308_MR1_mpr-2_137.jpg,C:\Users\bhuva\OneDrive\Documents\AD_staging-main\data\oasis_subset\Moderate dementia\OAS1_0308_MR1_mpr-2_137.jpg,Moderate dementia,OAS1_0308_MR1_mpr-2_137.jpg,Moderate Demented,3,OAS1_0308,MR1,mpr-2,137,True,False,,0.6018337661197104,56a692153e6785730f085fd868d984216233776ae1613d2dd7c6ed721a297df9,,18747e7c5c7c7c18,0.7988997646021064,mandatory: all images of this class included; subject_quota=244; scan_quota=61 (MR1/mpr-2); slice_region=130-139; norm_quality=0.730; pick_round=40,244,61,130-139,0.7295081967213115,False,16435,496,248,3,,45.42742919921875,47.57719039916992,0.0,255.0,0.7045070239334027,0.6159355489073881,246.99317932128903,47.57719039916992,,44,0.05263157894736842,0.4590909090909091,0.29175642082248154,0.7295081967213115,0.6224593312018546,0.5,3,44
oasis_subset\Moderate dementia\OAS1_0351_MR1_mpr-4_101.jpg,C:\Users\bhuva\OneDrive\Documents\AD_staging-main\data\oasis_subset\Moderate dementia\OAS1_0351_MR1_mpr-4_101.jpg,Moderate dementia,OAS1_0351_MR1_mpr-4_101.jpg,Moderate Demented,3,OAS1_0351,MR1,mpr-4,101,True,False,,0.6587524586818272,3bdca747100e021478944d608a5506ab2445f0230eaea2acb607c9cbea32dad6,,186c5e78507e7e2c,0.7955764453167634,mandatory: all images of this class included; subject_quota=244; scan_quota=61 (MR1/mpr-4); slice_region=100-109; norm_quality=0.885; pick_round=4,244,61,100-109,0.8852459016393442,False,17124,496,248,3,,43.79732894897461,50.89641571044922,0.0,252.0,0.716392429760666,0.5542078563995838,261.7347412109375,50.89641571044922,,45,0.038461538461538464,0.4111111111111111,0.28747557666269113,0.8852459016393442,0.6224593312018546,0.5,3,45
oasis_subset\Moderate dementia\OAS1_0351_MR1_mpr-3_158.jpg,C:\Users\bhuva\OneDrive\Documents\AD_staging-main\data\oasis_subset\Moderate dementia\OAS1_0351_MR1_mpr-3_158.jpg,Moderate dementia,OAS1_0351_MR1_mpr-3_158.jpg,Moderate Demented,3,OAS1_0351,MR1,mpr-3,158,True,False,,0.4772047767459489,c0af586e6ebab1c3a8a0e9cf04bab48fab3d0773901c82431501334e97c5838c,,20647e3c3c7e7c38,0.7068187463824683,mandatory: all images of this class included; subject_quota=244; scan_quota=61 (MR1/mpr-3); slice_region=150-160; norm_quality=0.361; pick_round=243,244,61,150-160,0.360655737704918,False,17088,496,248,3,,42.658958435058594,42.20270538330078,0.0,255.0,0.7706978407908429,0.6672492845993756,221.679443359375,42.20270538330078,,46,0.037037037037037035,0.37934782608695655,0.4241802701278596,0.36065573770491804,0.6224593312018546,0.3,3,46
oasis_subset\Moderate dementia\OAS1_0351_MR1_mpr-4_149.jpg,C:\Users\bhuva\OneDrive\Documents\AD_staging-main\data\oasis_subset\Moderate dementia\OAS1_0351_MR1_mpr-4_149.jpg,Moderate dementia,OAS1_0351_MR1_mpr-4_149.jpg,Moderate Demented,3,OAS1_0351,MR1,mpr-4,149,True,False,,0.512171976048354,a7619d19273c522d9a36c9b18d2ca75d7d9e7de38dbbfa7ca46198180c9c36c7,,207c7e5c5c7c7c28,0.6921793628482391,mandatory: all images of this class included; subject_quota=244; scan_quota=61 (MR1/mpr-4); slice_region=140-149; norm_quality=0.469; pick_round=196,244,61,140-149,0.4692622950819672,False,17465,496,248,3,,43.09290313720703,42.305999755859375,0.0,251.0,0.7758031997918835,0.6815085197710719,237.65000915527344,42.305999755859375,,47,0.03571428571428571,0.39209726443769,0.3326094654424136,0.4692622950819672,0.3775406687981454,0.5,4,47
oasis_subset\Moderate dementia\OAS1_0308_MR1_mpr-2_144.jpg,C:\Users\bhuva\OneDrive\Documents\AD_staging-main\data\oasis_subset\Moderate dementia\OAS1_0308_MR1_mpr-2_144.jpg,Moderate dementia,OAS1_0308_MR1_mpr-2_144.jpg,Moderate Demented,3,OAS1_0308,MR1,mpr-2,144,True,False,,0.4887096732819869,67ef4090439e131ac54cfb45c86f1faaa18dfd14ade93c20536d318f04214c16,,18647e5c5c7e7438,0.6688357655045075,mandatory: all images of this class included; subject_quota=244; scan_quota=61 (MR1/mpr-2); slice_region=140-149; norm_quality=0.381; pick_round=12,244,61,140-149,0.3811475409836065,False,15884,496,248,3,,43.13161087036133,44.731876373291016,0.0,244.0,0.7227497398543185,0.6241463969823101,209.8789978027344,44.731876373291016,,48,0.05,0.42833333333333334,0.28938023979674593,0.38114754098360654,0.3775406687981454,0.5,4,48
oasis_subset\Moderate dementia\OAS1_0351_MR1_mpr-1_122.jpg,C:\Users\bhuva\OneDrive\Documents\AD_staging-main\data\oasis_subset\Moderate dementia\OAS1_0351_MR1_mpr-1_122.jpg,Moderate dementia,OAS1_0351_MR1_mpr-1_122.jpg,Moderate Demented,3,OAS1_0351,MR1,mpr-1,122,True,False,,0.6749387817303124,3221bbace964cd172e2a9b03d89a0b4c11baee4f1a5f4130b935dfbf32d7b62c,,384c6c7c7c7c4e3c,0.6409859573323614,mandatory: all images of this class included; subject_quota=244; scan_quota=61 (MR1/mpr-1); slice_region=120-129; norm_quality=0.928; pick_round=46,244,61,120-129,0.9282786885245902,False,17115,496,248,3,,41.55055618286133,48.55103302001953,0.0,252.0,0.7085067637877211,0.5587847944849116,305.5098876953125,48.55103302001953,,49,0.034482758620689655,0.3877551020408163,0.2974781516005898,0.9282786885245902,0.6224593312018546,0.6,3,49
oasis_subset\Moderate dementia\OAS1_0351_MR1_mpr-2_118.jpg,C:\Users\bhuva\OneDrive\Documents\AD_staging-main\data\oasis_subset\Moderate dementia\OAS1_0351_MR1_mpr-2_118.jpg,Moderate dementia,OAS1_0351_MR1_mpr-2_118.jpg,Moderate Demented,3,OAS1_0351,MR1,mpr-2,118,True,False,,0.7441267432738159,c1e97f4298c23cdb62e22be5aa8a50381d619cdd61ac54daf7ca97b73d6d4f64,,184c6c78787e6e3c,0.5995016838827798,mandatory: all images of this class included; subject_quota=244; scan_quota=61 (MR1/mpr-2); slice_region=110-119; norm_quality=0.992; pick_round=85,244,61,110-119,0.9918032786885246,False,17382,496,248,3,,41.64571380615234,49.84857177734375,0.0,255.0,0.6977025884495317,0.5479562304890739,337.2119140625,49.84857177734375,,50,0.03333333333333333,0.37900000000000006,0.29830296183857286,0.9918032786885246,0.8175744761936437,0.5,2,50
oasis_subset\Moderate dementia\OAS1_0351_MR1_mpr-1_100.jpg,C:\Users\bhuva\OneDrive\Documents\AD_staging-main\data\oasis_subset\Moderate dementia\OAS1_0351_MR1_mpr-1_100.jpg,Moderate dementia,OAS1_0351_MR1_mpr-1_100.jpg,Moderate Demented,3,OAS1_0351,MR1,mpr-1,100,True,False,,0.6743058738233815,4dd9c9bb60b67843e7a9ad74a3d3a275e8c31fe17a564cddea7966a911b3101e,,082c7e78507e7e3c,0.5764590874139938,mandatory: all images of this class included; subject_quota=244; scan_quota=61 (MR1/mpr-1); slice_region=100-109; norm_quality=0.924; pick_round=58,244,61,100-109,0.9241803278688524,False,16006,496,248,3,,41.319923400878906,52.00575256347656,0.0,255.0,0.6132040192507804,0.503422541623309,276.9482421875,52.00575256347656,,51,0.03225806451612903,0.3730392156862745,0.282746177962857,0.9241803278688525,0.6224593312018546,0.6,3,51
oasis_subset\Moderate dementia\OAS1_0308_MR1_mpr-3_149.jpg,C:\Users\bhuva\OneDrive\Documents\AD_staging-main\data\oasis_subset\Moderate dementia\OAS1_0308_MR1_mpr-3_149.jpg,Moderate dementia,OAS1_0308_MR1_mpr-3_149.jpg,Moderate Demented,3,OAS1_0308,MR1,mpr-3,149,True,False,,0.4698473941185751,f4a278348d9d2a954e3724a576ea828d532530d47f71c926d8ef8b4f56be7d70,,382c7c7c7c7c6c38,0.5714788655392984,mandatory: all images of this class included; subject_quota=244; scan_quota=61 (MR1/mpr-3); slice_region=140-149; norm_quality=0.348; pick_round=117,244,61,140-149,0.3483606557377049,False,15746,496,248,3,,42.26127624511719,44.033203125,0.0,244.0,0.72713156867846,0.6118301248699272,212.7456817626953,44.033203125,,52,0.047619047619047616,0.4276923076923077,0.24947240057863712,0.3483606557377049,0.6224593312018546,0.3,3,52
oasis_subset\Moderate dementia\OAS1_0351_MR1_mpr-2_108.jpg,C:\Users\bhuva\OneDrive\Documents\AD_staging-main\data\oasis_subset\Moderate dementia\OAS1_0351_MR1_mpr-2_108.jpg,Moderate dementia,OAS1_0351_MR1_mpr-2_108.jpg,Moderate Demented,3,OAS1_0351,MR1,mpr-2,108,True,False,,0.6750088770638948,42402a3ae082d8dc1122b5c9d4ae8162a7e9d5d3c9be44d2de4195b42cdac900,,184c7e78307e6e3c,0.5337541415760905,mandatory: all images of this class included; subject_quota=244; scan_quota=61 (MR1/mpr-2); slice_region=100-109; norm_quality=0.930; pick_round=61,244,61,100-109,0.930327868852459,False,16594,496,248,3,,40.702392578125,50.3670768737793,0.0,253.0,0.655014308012487,0.5195190556711758,295.0181579589844,50.3670768737793,,53,0.03125,0.3685534591194969,0.31493915036633213,0.930327868852459,0.8175744761936437,0.5,2,53
oasis_subset\Moderate dementia\OAS1_0308_MR1_mpr-1_136.jpg,C:\Users\bhuva\OneDrive\Documents\AD_staging-main\data\oasis_subset\Moderate dementia\OAS1_0308_MR1_mpr-1_136.jpg,Moderate dementia,OAS1_0308_MR1_mpr-1_136.jpg,Moderate Demented,3,OAS1_0308,MR1,mpr-1,136,True,False,,0.5050040036135586,eca678bb2d1268455590912c9f300f976e5dc45b5acccbc4820002c47c434d4a,,186c7c7c5c7c7c38,0.5369899844241705,mandatory: all images of this class included; subject_quota=244; scan_quota=61 (MR1/mpr-1); slice_region=130-139; norm_quality=0.432; pick_round=86,244,61,130-139,0.4323770491803279,False,15902,496,248,3,,41.59966659545898,44.81096649169922,0.0,242.0,0.7019055671175859,0.5972944849115505,230.8749084472656,44.81096649169922,,54,0.045454545454545456,0.382010582010582,0.24121492788823326,0.4323770491803279,0.3775406687981454,0.5,4,54
oasis_subset\Moderate dementia\OAS1_0308_MR1_mpr-4_121.jpg,C:\Users\bhuva\OneDrive\Documents\AD_staging-main\data\oasis_subset\Moderate dementia\OAS1_0308_MR1_mpr-4_121.jpg,Moderate dementia,OAS1_0308_MR1_mpr-4_121.jpg,Moderate Demented,3,OAS1_0308,MR1,mpr-4,121,True,False,,0.3336526571912789,4a20df8583cb8b69d2daaf6a6561ae2080fe45e8a1f31e8ab95b4afdd408325a,,185c7c747c7c7c18,0.5115109406316192,mandatory: all images of this class included; subject_quota=244; scan_quota=61 (MR1/mpr-4); slice_region=120-129; norm_quality=0.059; pick_round=199,244,61,120-129,0.0594262295081967,False,14459,496,248,3,,33.66272735595703,41.39830780029297,0.0,249.0,0.6474700832466181,0.5532323100936525,184.9719390869141,41.39830780029297,,55,0.043478260869565216,0.4127272727272727,0.2371772831563029,0.05942622950819672,0.3775406687981454,0.3,4,55
oasis_subset\Moderate dementia\OAS1_0308_MR1_mpr-3_126.jpg,C:\Users\bhuva\OneDrive\Documents\AD_staging-main\data\oasis_subset\Moderate dementia\OAS1_0308_MR1_mpr-3_126.jpg,Moderate dementia,OAS1_0308_MR1_mpr-3_126.jpg,Moderate Demented,3,OAS1_0308,MR1,mpr-3,126,True,False,,0.4868079085703435,f56bbff1dacfcb5753d25097fd68f82c6033942abfc364dc1a4e8a81c408eb2b,,183c6c7c747c7c38,0.4937307309937453,mandatory: all images of this class included; subject_quota=244; scan_quota=61 (MR1/mpr-3); slice_region=120-129; norm_quality=0.377; pick_round=133,244,61,120-129,0.3770491803278688,False,15506,496,248,3,,38.40581130981445,44.33490753173828,0.0,248.0,0.6778177029136316,0.5769543444328824,234.2400360107422,44.33490753173828,,56,0.041666666666666664,0.40714285714285714,0.31313290216606127,0.3770491803278688,0.9241418199787566,0.15,1,56
oasis_subset\Moderate dementia\OAS1_0351_MR1_mpr-2_115.jpg,C:\Users\bhuva\OneDrive\Documents\AD_staging-main\data\oasis_subset\Moderate dementia\OAS1_0351_MR1_mpr-2_115.jpg,Moderate dementia,OAS1_0351_MR1_mpr-2_115.jpg,Moderate Demented,3,OAS1_0351,MR1,mpr-2,115,True,False,,0.6868070357161082,f4ced7dbe7d90555fd0f4cbb474b6bd4b856506b6ed76a866892046284d6ec34,,384c6c78787c6e3c,0.49183960891128875,mandatory: all images of this class included; subject_quota=244; scan_quota=61 (MR1/mpr-2); slice_region=110-119; norm_quality=0.953; pick_round=33,244,61,110-119,0.9528688524590164,False,17179,496,248,3,,40.71900939941406,48.57389068603516,0.0,253.0,0.6884105098855359,0.5457856399583767,318.5746459960937,48.57389068603516,,57,0.030303030303030304,0.36175438596491233,0.2835594892175673,0.9528688524590164,0.8175744761936437,0.5,2,57
oasis_subset\Moderate dementia\OAS1_0351_MR1_mpr-4_106.jpg,C:\Users\bhuva\OneDrive\Documents\AD_staging-main\data\oasis_subset\Moderate dementia\OAS1_0351_MR1_mpr-4_106.jpg,Moderate dementia,OAS1_0351_MR1_mpr-4_106.jpg,Moderate Demented,3,OAS1_0351,MR1,mpr-4,106,True,False,,0.5896692094601451,897618854ae5c82afc13d440bc5cc8202135ce57b8b604549da1c3a6358be8ca,,184c6e78707e7e2c,0.45460881813456566,mandatory: all images of this class included; subject_quota=244; scan_quota=61 (MR1/mpr-4); slice_region=100-109; norm_quality=0.709; pick_round=96,244,61,100-109,0.7090163934426229,False,17058,496,248,3,,41.67411804199219,48.33425521850586,0.0,255.0,0.7243024843912591,0.5679142819979188,247.6769561767578,48.33425521850586,,58,0.029411764705882353,0.3853448275862069,0.23613793820016304,0.7090163934426229,0.6224593312018546,0.5,3,58
oasis_subset\Moderate dementia\OAS1_0351_MR1_mpr-3_119.jpg,C:\Users\bhuva\OneDrive\Documents\AD_staging-main\data\oasis_subset\Moderate dementia\OAS1_0351_MR1_mpr-3_119.jpg,Moderate dementia,OAS1_0351_MR1_mpr-3_119.jpg,Moderate Demented,3,OAS1_0351,MR1,mpr-3,119,True,False,,0.683205337366333,657f020f896e12ca741210e78f00648d16772c378c8e4c56bb5c3069753a2234,,384c6c787c7e6e3c,0.3981629804758521,mandatory: all images of this class included; subject_quota=244; scan_quota=61 (MR1/mpr-3); slice_region=110-119; norm_quality=0.949; pick_round=71,244,61,110-119,0.9487704918032788,False,17491,496,248,3,,42.25547790527344,48.57646560668945,0.0,250.0,0.7410249739854319,0.5626463319458896,309.0652160644531,48.57646560668945,,59,0.02857142857142857,0.37175141242937854,0.21512887998256175,0.9487704918032787,0.8175744761936437,0.5,2,59
oasis_subset\Moderate dementia\OAS1_0308_MR1_mpr-4_100.jpg,C:\Users\bhuva\OneDrive\Documents\AD_staging-main\data\oasis_subset\Moderate dementia\OAS1_0308_MR1_mpr-4_100.jpg,Moderate dementia,OAS1_0308_MR1_mpr-4_100.jpg,Moderate Demented,3,OAS1_0308,MR1,mpr-4,100,True,False,,0.2980661677642418,404af17c627611d30bcfb7dd3bc5f408fb17752fec80df9d224dcb67b8923cb0,,3078787c7c7c7838,0.39692808296411675,mandatory: all images of this class included; subject_quota=244; scan_quota=61 (MR1/mpr-4); slice_region=100-109; norm_quality=0.025; pick_round=203,244,61,100-109,0.0245901639344262,False,13330,496,248,3,,28.20666885375977,40.594459533691406,0.0,251.0,0.5200230879292403,0.4600757674297606,211.99508666992188,40.594459533691406,,60,0.04,0.3923809523809524,0.2204165443397542,0.02459016393442623,0.3775406687981454,0.3,4,60
oasis_subset\Moderate dementia\OAS1_0308_MR1_mpr-2_157.jpg,C:\Users\bhuva\OneDrive\Documents\AD_staging-main\data\oasis_subset\Moderate dementia\OAS1_0308_MR1_mpr-2_157.jpg,Moderate dementia,OAS1_0308_MR1_mpr-2_157.jpg,Moderate Demented,3,OAS1_0308,MR1,mpr-2,157,True,False,,0.3670947349572968,9d16193cba14c170f111b98752d1c231fc3f31eee727152498d68827048ca3f0,,303c7c667c7c7c38,0.37282307150639993,mandatory: all images of this class included; subject_quota=244; scan_quota=61 (MR1/mpr-2); slice_region=150-160; norm_quality=0.111; pick_round=160,244,61,150-160,0.110655737704918,False,14758,496,248,3,,40.37888717651367,42.32561111450195,0.0,251.0,0.7156688995837669,0.6064727497398543,171.3754425048828,42.32561111450195,,61,0.038461538461538464,0.4016393442622951,0.3346624589605801,0.11065573770491803,0.6224593312018546,0.3,3,61
oasis_subset\Moderate dementia\OAS1_0351_MR1_mpr-1_125.jpg,C:\Users\bhuva\OneDrive\Documents\AD_staging-main\data\oasis_subset\Moderate dementia\OAS1_0351_MR1_mpr-1_125.jpg,Moderate dementia,OAS1_0351_MR1_mpr-1_125.jpg,Moderate Demented,3,OAS1_0351,MR1,mpr-1,125,True,False,,0.6475965819316144,ecf29d79b6741d4ce7e663722af17371093433ce3d5826284a798767fbb339bb,,186c7c7c787c4c3c,0.3658588868150883,mandatory: all images of this class included; subject_quota=244; scan_quota=61 (MR1/mpr-1); slice_region=120-129; norm_quality=0.859; pick_round=110,244,61,120-129,0.8586065573770492,False,17112,496,248,3,,42.53253555297852,48.25623321533203,0.0,255.0,0.7170346644120708,0.571149843912591,286.36236572265625,48.25623321533203,,62,0.027777777777777776,0.36989247311827955,0.25829709566772885,0.8586065573770492,0.8175744761936437,0.5,2,62
oasis_subset\Moderate dementia\OAS1_0308_MR1_mpr-3_153.jpg,C:\Users\bhuva\OneDrive\Documents\AD_staging-main\data\oasis_subset\Moderate dementia\OAS1_0308_MR1_mpr-3_153.jpg,Moderate dementia,OAS1_0308_MR1_mpr-3_153.jpg,Moderate Demented,3,OAS1_0308,MR1,mpr-3,153,True,False,,0.437391277274532,f930ec74be6a49b282632c0d780e0d17e96e865be3aae831702764ca8cca1d74,,103c7c7c7c7c7c30,0.3612519588530395,mandatory: all images of this class included; subject_quota=244; scan_quota=61 (MR1/mpr-3); slice_region=150-160; norm_quality=0.270; pick_round=49,244,61,150-160,0.2704918032786885,False,15611,496,248,3,,41.71826171875,43.29379653930664,0.0,254.0,0.7249609781477627,0.6097408298647242,202.8145904541016,43.29379653930664,,63,0.037037037037037035,0.39047619047619053,0.395165998574189,0.27049180327868855,0.8175744761936437,0.3,2,63
oasis_subset\Moderate dementia\OAS1_0351_MR1_mpr-4_121.jpg,C:\Users\bhuva\OneDrive\Documents\AD_staging-main\data\oasis_subset\Moderate dementia\OAS1_0351_MR1_mpr-4_121.jpg,Moderate dementia,OAS1_0351_MR1_mpr-4_121.jpg,Moderate Demented,3,OAS1_0351,MR1,mpr-4,121,True,False,,0.6033791217778286,8781451988cf106e95f874471d3225e1461e903d617aa2c73fb0169f40222840,,185c7c7c787c6c3c,0.36233702814767044,mandatory: all images of this class included; subject_quota=244; scan_quota=61 (MR1/mpr-4); slice_region=120-129; norm_quality=0.738; pick_round=116,244,61,120-129,0.7377049180327869,False,17439,496,248,3,,42.60288619995117,47.07149124145508,0.0,255.0,0.7496910770031218,0.6150656867845994,255.9032745361328,47.07149124145508,,64,0.02702702702702703,0.3729166666666667,0.17842791070744476,0.7377049180327869,0.6224593312018546,0.5,3,64
oasis_subset\Moderate dementia\OAS1_0351_MR1_mpr-3_113.jpg,C:\Users\bhuva\OneDrive\Documents\AD_staging-main\data\oasis_subset\Moderate dementia\OAS1_0351_MR1_mpr-3_113.jpg,Moderate dementia,OAS1_0351_MR1_mpr-3_113.jpg,Moderate Demented,3,OAS1_0351,MR1,mpr-3,113,True,False,,0.6639285031305475,0687e52c324242ffb2a0282a594efca4cc4d08c183c9bc7c17e6de987678a4e0,,104c6e78787e6e3c,0.351838863632382,mandatory: all images of this class included; subject_quota=244; scan_quota=61 (MR1/mpr-3); slice_region=110-119; norm_quality=0.895; pick_round=43,244,61,110-119,0.8954918032786885,False,17306,496,248,3,,41.51786804199219,48.478458404541016,0.0,255.0,0.7290664021852237,0.5644510926118627,296.82696533203125,48.478458404541016,,65,0.02631578947368421,0.36153846153846153,0.23939756672314658,0.8954918032786885,0.8175744761936437,0.5,2,65
oasis_subset\Moderate dementia\OAS1_0351_MR1_mpr-3_102.jpg,C:\Users\bhuva\OneDrive\Documents\AD_staging-main\data\oasis_subset\Moderate dementia\OAS1_0351_MR1_mpr-3_102.jpg,Moderate dementia,OAS1_0351_MR1_mpr-3_102.jpg,Moderate Demented,3,OAS1_0351,MR1,mpr-3,102,True,False,,0.6585504045069968,5df9adc10858fc65869247ec3c7736b95c3122c9dd9e05911171d67713d00a28,,186c7e7c707e7e3c,0.31548808342167045,mandatory: all images of this class included; subject_quota=244; scan_quota=61 (MR1/mpr-3); slice_region=100-109; norm_quality=0.883; pick_round=91,244,61,100-109,0.8831967213114754,False,16971,496,248,3,,42.34169387817383,50.44670486450195,0.0,254.0,0.7038647892819979,0.5328596514047866,277.2078552246094,50.44670486450195,,66,0.02564102564102564,0.35151515151515156,0.18243210241625135,0.8831967213114754,0.6224593312018546,0.6,3,66
oasis_subset\Moderate dementia\OAS1_0351_MR1_mpr-1_135.jpg,C:\Users\bhuva\OneDrive\Documents\AD_staging-main\data\oasis_subset\Moderate dementia\OAS1_0351_MR1_mpr-1_135.jpg,Moderate dementia,OAS1_0351_MR1_mpr-1_135.jpg,Moderate Demented,3,OAS1_0351,MR1,mpr-1,135,True,False,,0.620986948318461,7b0bb5c17dddefb5da097b332e9f3c6e3a27add5306b21485aa3e150e658b387,,287c7c74707c7c38,0.2991981090547102,mandatory: all images of this class included; subject_quota=244; scan_quota=61 (MR1/mpr-1); slice_region=130-139; norm_quality=0.795; pick_round=138,244,61,130-139,0.7950819672131147,False,16810,496,248,3,,44.953067779541016,48.31415557861328,0.0,255.0,0.727798191987513,0.6011804110301769,255.07862854003903,48.31415557861328,,67,0.025,0.36447761194029854,0.21474140970139485,0.7950819672131147,0.6224593312018546,0.6,3,67
oasis_subset\Moderate dementia\OAS1_0351_MR1_mpr-1_111.jpg,C:\Users\bhuva\OneDrive\Documents\AD_staging-main\data\oasis_subset\Moderate dementia\OAS1_0351_MR1_mpr-1_111.jpg,Moderate dementia,OAS1_0351_MR1_mpr-1_111.jpg,Moderate Demented,3,OAS1_0351,MR1,mpr-1,111,True,False,,0.6254971317932402,56ae45d8a389c64b4ba9c21d26628985e156f0ee7a23825705a0ccdf937a140a,,184c6e78387e6e3c,0.26423673809986975,mandatory: all images of this class included; subject_quota=244; scan_quota=61 (MR1/mpr-1); slice_region=110-119; norm_quality=0.805; pick_round=150,244,61,110-119,0.805327868852459,False,16482,496,248,3,,40.83642578125,49.30943298339844,0.0,255.0,0.6746390478668054,0.5385828563995838,269.51531982421875,49.30943298339844,,68,0.024390243902439025,0.3545454545454546,0.25556423682206897,0.805327868852459,0.8175744761936437,0.5,2,68
oasis_subset\Moderate dementia\OAS1_0351_MR1_mpr-4_130.jpg,C:\Users\bhuva\OneDrive\Documents\AD_staging-main\data\oasis_subset\Moderate dementia\OAS1_0351_MR1_mpr-4_130.jpg,Moderate dementia,OAS1_0351_MR1_mpr-4_130.jpg,Moderate Demented,3,OAS1_0351,MR1,mpr-4,130,True,False,,0.5817245224796518,f09cb59b86cbdc3a144b6b2649fc6a9a59337ad569a90287b3c42a9ef9ca7ce0,,087c7c7c786c7c38,0.2479393016569803,mandatory: all images of this class included; subject_quota=244; scan_quota=61 (MR1/mpr-4); slice_region=130-139; norm_quality=0.695; pick_round=88,244,61,130-139,0.694672131147541,False,17423,496,248,3,,43.75008010864258,46.24298858642578,0.0,255.0,0.7623569198751301,0.6248943158168574,249.5591278076172,46.24298858642578,,69,0.023809523809523808,0.3672463768115942,0.2469916790878803,0.694672131147541,0.6224593312018546,0.6,3,69
oasis_subset\Moderate dementia\OAS1_0351_MR1_mpr-2_105.jpg,C:\Users\bhuva\OneDrive\Documents\AD_staging-main\data\oasis_subset\Moderate dementia\OAS1_0351_MR1_mpr-2_105.jpg,Moderate dementia,OAS1_0351_MR1_mpr-2_105.jpg,Moderate Demented,3,OAS1_0351,MR1,mpr-2,105,True,False,,0.6563305534863324,a2388681d31d0d0548cbb90e4c17960abbd5df52b499609f5c0b0bb61f240862,,186c7e78707c7e2c,0.2413802947339105,mandatory: all images of this class included; subject_quota=244; scan_quota=61 (MR1/mpr-2); slice_region=100-109; norm_quality=0.875; pick_round=149,244,61,100-109,0.875,False,16231,496,248,3,,39.82954788208008,50.3039665222168,0.0,252.0,0.6355521592091571,0.5108448231009365,287.0473937988281,50.3039665222168,,70,0.023255813953488372,0.36311688311688317,0.18547509576045718,0.875,0.8175744761936437,0.5,2,70
oasis_subset\Moderate dementia\OAS1_0308_MR1_mpr-4_137.jpg,C:\Users\bhuva\OneDrive\Documents\AD_staging-main\data\oasis_subset\Moderate dementia\OAS1_0308_MR1_mpr-4_137.jpg,Moderate dementia,OAS1_0308_MR1_mpr-4_137.jpg,Moderate Demented,3,OAS1_0308,MR1,mpr-4,137,True,False,,0.5300636356585599,fdd53145519ef1d3dd33d1b944e8490ba858dea9531553043699754556a3dc13,,183c7c7c5c7c7438,0.22058439550421258,mandatory: all images of this class included; subject_quota=244; scan_quota=61 (MR1/mpr-4); slice_region=130-139; norm_quality=0.547; pick_round=31,244,61,130-139,0.5471311475409836,False,16224,496,248,3,,44.277103424072266,45.78181076049805,0.0,255.0,0.7084905046826223,0.6189841311134235,224.205078125,45.78181076049805,,71,0.03571428571428571,0.3792253521126761,0.17939773201467388,0.5471311475409836,0.6224593312018546,0.5,3,71
oasis_subset\Moderate dementia\OAS1_0351_MR1_mpr-4_152.jpg,C:\Users\bhuva\OneDrive\Documents\AD_staging-main\data\oasis_subset\Moderate dementia\OAS1_0351_MR1_mpr-4_152.jpg,Moderate dementia,OAS1_0351_MR1_mpr-4_152.jpg,Moderate Demented,3,OAS1_0351,MR1,mpr-4,152,True,False,,0.521855667093161,d0d8f4019d0808fa5c6b5b9c9bc1b0e02560125ca62a103191adce5f8424e2d1,,20647e7c7c7e6c28,0.20597635133377798,mandatory: all images of this class included; subject_quota=244; scan_quota=61 (MR1/mpr-4); slice_region=150-160; norm_quality=0.506; pick_round=200,244,61,150-160,0.5061475409836066,False,17416,496,248,3,,44.19695281982422,43.00195693969727,0.0,249.0,0.7749739854318418,0.6859391259105099,231.9620513916016,43.00195693969727,,72,0.022727272727272728,0.3545454545454546,0.2645200049203906,0.5061475409836066,0.6224593312018546,0.5,3,72
oasis_subset\Moderate dementia\OAS1_0351_MR1_mpr-3_143.jpg,C:\Users\bhuva\OneDrive\Documents\AD_staging-main\data\oasis_subset\Moderate dementia\OAS1_0351_MR1_mpr-3_143.jpg,Moderate dementia,OAS1_0351_MR1_mpr-3_143.jpg,Moderate Demented,3,OAS1_0351,MR1,mpr-3,143,True,False,,0.5293452148511179,b3172ee3a174b2ae911dede44d21333a03734d8cb98e18fee95cffeea09d4113,,207c7c7c746c7c38,0.1896022995569771,mandatory: all images of this class included; subject_quota=244; scan_quota=61 (MR1/mpr-3); slice_region=140-149; norm_quality=0.543; pick_round=211,244,61,140-149,0.5430327868852459,False,17402,496,248,3,,40.06201934814453,42.71733474731445,0.0,245.0,0.7724213059313215,0.6594611732570239,252.2924346923828,42.71733474731445,,73,0.022222222222222223,0.35136986301369866,0.23459472946571036,0.5430327868852459,0.6224593312018546,0.5,3,73
oasis_subset\Moderate dementia\OAS1_0351_MR1_mpr-2_102.jpg,C:\Users\bhuva\OneDrive\Documents\AD_staging-main\data\oasis_subset\Moderate dementia\OAS1_0351_MR1_mpr-2_102.jpg,Moderate dementia,OAS1_0351_MR1_mpr-2_102.jpg,Moderate Demented,3,OAS1_0351,MR1,mpr-2,102,True,False,,0.7882563151441744,d2fc720140651d8d46cc7ad168e54442eac4adc237b458c27bb81a2a4540d448,,182c7e78707c7e2c,0.16987842481007506,mandatory: all images of this class included; subject_quota=244; scan_quota=61 (MR1/mpr-2); slice_region=100-109; norm_quality=0.998; pick_round=1,244,61,100-109,0.9979508196721312,False,16550,496,248,3,,42.29376983642578,53.5806770324707,0.0,255.0,0.6147242455775234,0.5135682232049948,325.80108642578125,53.5806770324707,,74,0.021739130434782608,0.3581081081081081,0.15181670034502795,0.9979508196721312,0.9241418199787566,0.5,1,74
oasis_subset\Moderate dementia\OAS1_0351_MR1_mpr-3_139.jpg,C:\Users\bhuva\OneDrive\Documents\AD_staging-main\data\oasis_subset\Moderate dementia\OAS1_0351_MR1_mpr-3_139.jpg,Moderate dementia,OAS1_0351_MR1_mpr-3_139.jpg,Moderate Demented,3,OAS1_0351,MR1,mpr-3,139,True,False,,0.6071651607611266,984253b4a470795b7a79daab024693851cfb9059e28dee7f484b8aed31a909b4,,307c6c7c707c7c38,0.14243085080224469,mandatory: all images of this class included; subject_quota=244; scan_quota=61 (MR1/mpr-3); slice_region=130-139; norm_quality=0.750; pick_round=19,244,61,130-139,0.75,False,17520,496,248,3,,43.89299774169922,46.33489990234375,0.0,249.0,0.7686410639958376,0.6289184443288242,263.5864562988281,46.33489990234375,,75,0.02127659574468085,0.3448205128205128,0.2325152084904453,0.75,0.8175744761936437,0.5,2,75
oasis_subset\Moderate dementia\OAS1_0351_MR1_mpr-1_117.jpg,C:\Users\bhuva\OneDrive\Documents\AD_staging-main\data\oasis_subset\Moderate dementia\OAS1_0351_MR1_mpr-1_117.jpg,Moderate dementia,OAS1_0351_MR1_mpr-1_117.jpg,Moderate Demented,3,OAS1_0351,MR1,mpr-1,117,True,False,,0.6814283552862691,db40d20c8cf15cc955dfb8ce29fbb8361d24752373f40e5ed7f37d2a9ac42cfd,,184c6c78787e6e3c,0.12665449366319556,mandatory: all images of this class included; subject_quota=244; scan_quota=61 (MR1/mpr-1); slice_region=110-119; norm_quality=0.945; pick_round=74,244,61,110-119,0.944672131147541,False,16994,496,248,3,,40.898582458496094,48.48064422607422,0.0,246.0,0.6903859911550468,0.558110041623309,311.193115234375,48.48064422607422,,76,0.020833333333333332,0.3552631578947369,0.20196535711103697,0.944672131147541,0.9706877692486436,0.5,0,76
oasis_subset\Moderate dementia\OAS1_0351_MR1_mpr-2_130.jpg,C:\Users\bhuva\OneDrive\Documents\AD_staging-main\data\oasis_subset\Moderate dementia\OAS1_0351_MR1_mpr-2_130.jpg,Moderate dementia,OAS1_0351_MR1_mpr-2_130.jpg,Moderate Demented,3,OAS1_0351,MR1,mpr-2,130,True,False,,0.6658035828048736,b008fe9a312398e1933742cccb7e32baf9d3403c15ed45a3f701cfef50033610,,187c7c74786c7c3c,0.126701282332058,mandatory: all images of this class included; subject_quota=244; scan_quota=61 (MR1/mpr-2); slice_region=130-139; norm_quality=0.902; pick_round=105,244,61,130-139,0.9016393442622952,False,17403,496,248,3,,44.371700286865234,48.571998596191406,0.0,255.0,0.7346107570239334,0.5905388267429761,285.7826232910156,48.571998596191406,,77,0.02040816326530612,0.3526473526473527,0.19806984204930755,0.9016393442622951,0.9241418199787566,0.5,1,77
oasis_subset\Moderate dementia\OAS1_0351_MR1_mpr-4_125.jpg,C:\Users\bhuva\OneDrive\Documents\AD_staging-main\data\oasis_subset\Moderate dementia\OAS1_0351_MR1_mpr-4_125.jpg,Moderate dementia,OAS1_0351_MR1_mpr-4_125.jpg,Moderate Demented,3,OAS1_0351,MR1,mpr-4,125,True,False,,0.6094195868275434,1772345714cb211af7d3fa500299c2fa5891e1e153345dbeb6e9ce12e74afd18,,187c7c74787c4c3c,0.11465452110477126,mandatory: all images of this class included; subject_quota=244; scan_quota=61 (MR1/mpr-4); slice_region=120-129; norm_quality=0.754; pick_round=60,244,61,120-129,0.7540983606557377,False,17475,496,248,3,,43.54666519165039,47.10196685791016,0.0,253.0,0.75539802289282,0.6215530697190427,256.7910461425781,47.10196685791016,,78,0.02,0.3525641025641026,0.2043448840290817,0.7540983606557377,0.8175744761936437,0.5,2,78
oasis_subset\Moderate dementia\OAS1_0308_MR1_mpr-2_146.jpg,C:\Users\bhuva\OneDrive\Documents\AD_staging-main\data\oasis_subset\Moderate dementia\OAS1_0308_MR1_mpr-2_146.jpg,Moderate dementia,OAS1_0308_MR1_mpr-2_146.jpg,Moderate Demented,3,OAS1_0308,MR1,mpr-2,146,True,False,,0.418036952639662,e899d92c20fa7787328500641b45a72720ee8903af5f069c03569586961f48c4,,38247e7c7c7e6430,0.11003571252249622,mandatory: all images of this class included; subject_quota=244; scan_quota=61 (MR1/mpr-2); slice_region=140-149; norm_quality=0.230; pick_round=108,244,61,140-149,0.2295081967213114,False,15507,496,248,3,,41.11207580566406,42.82899475097656,0.0,255.0,0.7248227757544224,0.6291542013527576,188.6040802001953,42.82899475097656,,79,0.034482758620689655,0.3895117540687162,0.21108118364435102,0.22950819672131148,0.3775406687981454,0.6,4,79
oasis_subset\Moderate dementia\OAS1_0308_MR1_mpr-1_133.jpg,C:\Users\bhuva\OneDrive\Documents\AD_staging-main\data\oasis_subset\Moderate dementia\OAS1_0308_MR1_mpr-1_133.jpg,Moderate dementia,OAS1_0308_MR1_mpr-1_133.jpg,Moderate Demented,3,OAS1_0308,MR1,mpr-1,133,True,False,,0.5533881478185403,f26032ed29227f0ee2f67e0bc7f2ba4fc5cb096ee360ad03b6bafad826e0cb77,,183c6c7c7c7c7c28,0.09348455403772786,mandatory: all images of this class included; subject_quota=244; scan_quota=61 (MR1/mpr-1); slice_region=130-139; norm_quality=0.631; pick_round=38,244,61,130-139,0.6311475409836066,False,15916,496,248,3,,41.58479309082031,46.306243896484375,0.0,252.0,0.6919956425598335,0.5905388267429761,243.9734649658203,46.306243896484375,,80,0.03333333333333333,0.38,0.2000620338551337,0.6311475409836066,0.8175744761936437,0.5,2,80
oasis_subset\Moderate dementia\OAS1_0308_MR1_mpr-3_123.jpg,C:\Users\bhuva\OneDrive\Documents\AD_staging-main\data\oasis_subset\Moderate dementia\OAS1_0308_MR1_mpr-3_123.jpg,Moderate dementia,OAS1_0308_MR1_mpr-3_123.jpg,Moderate Demented,3,OAS1_0308,MR1,mpr-3,123,True,False,,0.5666386115277591,78136bcfdb0ebcd6c063d701524ade94135483559aedc47467290a9e554997ac,,183c7c7c7c7c7c08,0.08313537725476106,mandatory: all images of this class included; subject_quota=244; scan_quota=61 (MR1/mpr-3); slice_region=120-129; norm_quality=0.668; pick_round=5,244,61,120-129,0.6680327868852459,False,15672,496,248,3,,40.12513732910156,47.66106414794922,0.0,255.0,0.6644039412070759,0.5622561134235172,244.58206176757807,47.66106414794922,,81,0.03225806451612903,0.3762345679012346,0.17646037844528425,0.6680327868852459,0.8175744761936437,0.5,2,81
oasis_subset\Moderate dementia\OAS1_0351_MR1_mpr-3_152.jpg,C:\Users\bhuva\OneDrive\Documents\AD_staging-main\data\oasis_subset\Moderate dementia\OAS1_0351_MR1_mpr-3_152.jpg,Moderate dementia,OAS1_0351_MR1_mpr-3_152.jpg,Moderate Demented,3,OAS1_0351,MR1,mpr-3,152,True,False,,0.5162489453478706,b2513d0f591090961e6c15b9bba2e5c3c962361fd3e25ebfc052c2fea7a9caac,,307c7c7c5c7c6c38,0.05764483509814821,mandatory: all images of this class included; subject_quota=244; scan_quota=61 (MR1/mpr-3); slice_region=150-160; norm_quality=0.482; pick_round=215,244,61,150-160,0.4815573770491803,False,17260,496,248,3,,42.495235443115234,43.1358528137207,0.0,249.0,0.7751609651404787,0.6658672606659729,234.6078491210937,43.1358528137207,,82,0.0196078431372549,0.34041811846689896,0.20918069720678115,0.48155737704918034,0.6224593312018546,0.5,3,82
oasis_subset\Moderate dementia\OAS1_0351_MR1_mpr-2_140.jpg,C:\Users\bhuva\OneDrive\Documents\AD_staging-main\data\oasis_subset\Moderate dementia\OAS1_0351_MR1_mpr-2_140.jpg,Moderate dementia,OAS1_0351_MR1_mpr-2_140.jpg,Moderate Demented,3,OAS1_0351,MR1,mpr-2,140,True,False,,0.5845486340316925,d4b6a22c4fa65103bf4a0d5e957006313545cce96ca95dbd35e378dcf410a9c1,,387c6c74747c7c28,0.04874611503665858,mandatory: all images of this class included; subject_quota=244; scan_quota=61 (MR1/mpr-2); slice_region=140-149; norm_quality=0.699; pick_round=169,244,61,140-149,0.6987704918032787,False,17360,496,248,3,,41.51775360107422,45.12975311279297,0.0,250.0,0.7537152055150884,0.6311134235171696,265.3829040527344,45.12975311279297,,83,0.019230769230769232,0.3464716006884682,0.20746581038041595,0.6987704918032787,0.8175744761936437,0.5,2,83
oasis_subset\Moderate dementia\OAS1_0351_MR1_mpr-1_108.jpg,C:\Users\bhuva\OneDrive\Documents\AD_staging-main\data\oasis_subset\Moderate dementia\OAS1_0351_MR1_mpr-1_108.jpg,Moderate dementia,OAS1_0351_MR1_mpr-1_108.jpg,Moderate Demented,3,OAS1_0351,MR1,mpr-1,108,True,False,,0.6518889580481588,0ab247baf803ba4cc04b715883b92873e3f7b824233fbac547ca2605d6756594,,184c7e78307e6e3c,0.048765521633528285,mandatory: all images of this class included; subject_quota=244; scan_quota=61 (MR1/mpr-1); slice_region=100-109; norm_quality=0.871; pick_round=22,244,61,100-109,0.8709016393442623,False,16561,496,248,3,,40.99227523803711,50.39522552490234,0.0,253.0,0.6581035379812695,0.5228928199791884,277.6708068847656,50.39522552490234,,84,0.018867924528301886,0.35091575091575095,0.21025733665935456,0.8709016393442623,0.9706877692486436,0.5,0,84
oasis_subset\Moderate dementia\OAS1_0351_MR1_mpr-3_116.jpg,C:\Users\bhuva\OneDrive\Documents\AD_staging-main\data\oasis_subset\Moderate dementia\OAS1_0351_MR1_mpr-3_116.jpg,Moderate dementia,OAS1_0351_MR1_mpr-3_116.jpg,Moderate Demented,3,OAS1_0351,MR1,mpr-3,116,True,False,,0.6765430492392474,e51fef0928bb8718d5cc398ef219f927d27567f34b2e64cbc0dbe3aaee085e46,,184c6c78787e6e3c,0.03754223575662253,mandatory: all images of this class included; subject_quota=244; scan_quota=61 (MR1/mpr-3); slice_region=110-119; norm_quality=0.934; pick_round=51,244,61,110-119,0.9344262295081968,False,17591,496,248,3,,41.80734634399414,48.37425994873047,0.0,255.0,0.7360822060353798,0.5578092481789803,309.61962890625,48.37425994873047,,85,0.018518518518518517,0.33647058823529413,0.18061738534788946,0.9344262295081968,0.9706877692486436,0.5,0,85
oasis_subset\Moderate dementia\OAS1_0351_MR1_mpr-4_143.jpg,C:\Users\bhuva\OneDrive\Documents\AD_staging-main\data\oasis_subset\Moderate dementia\OAS1_0351_MR1_mpr-4_143.jpg,Moderate dementia,OAS1_0351_MR1_mpr-4_143.jpg,Moderate Demented,3,OAS1_0351,MR1,mpr-4,143,True,False,,0.512650061691305,65809562bdf02949ad14f85c7f27467a42e856e59a8c691f87ecd923d3f263f6,,387c747c7c6c7c38,0.028533176909406738,mandatory: all images of this class included; subject_quota=244; scan_quota=61 (MR1/mpr-4); slice_region=140-149; norm_quality=0.473; pick_round=192,244,61,140-149,0.4733606557377049,False,17479,496,248,3,,41.07161331176758,42.63057708740234,0.0,251.0,0.7765998959417274,0.6760373309053069,235.4402618408203,42.63057708740234,,86,0.01818181818181818,0.3531305903398927,0.18209017653522305,0.4733606557377049,0.6224593312018546,0.5,3,86
oasis_subset\Moderate dementia\OAS1_0351_MR1_mpr-2_148.jpg,C:\Users\bhuva\OneDrive\Documents\AD_staging-main\data\oasis_subset\Moderate dementia\OAS1_0351_MR1_mpr-2_148.jpg,Moderate dementia,OAS1_0351_MR1_mpr-2_148.jpg,Moderate Demented,3,OAS1_0351,MR1,mpr-2,148,True,False,,0.5510930307827449,1f4716b5876f44b2f0e7ee2038d849948f0b9b8bb06dfaff3aafb80c3b3f1e7c,,387c7c5c5c7c7c28,0.0012987655542027964,mandatory: all images of this class included; subject_quota=244; scan_quota=61 (MR1/mpr-2); slice_region=140-149; norm_quality=0.615; pick_round=181,244,61,140-149,0.6147540983606558,False,17305,496,248,3,,41.189598083496094,43.51707077026367,0.0,255.0,0.7595928720083247,0.6565589229968782,256.2286071777344,43.51707077026367,,87,0.017857142857142856,0.34344827586206894,0.1834471606070884,0.6147540983606558,0.6224593312018546,0.6,3,87
oasis_subset\Moderate dementia\OAS1_0308_MR1_mpr-4_134.jpg,C:\Users\bhuva\OneDrive\Documents\AD_staging-main\data\oasis_subset\Moderate dementia\OAS1_0308_MR1_mpr-4_134.jpg,Moderate dementia,OAS1_0308_MR1_mpr-4_134.jpg,Moderate Demented,3,OAS1_0308,MR1,mpr-4,134,True,False,,0.5472417950357663,85f21c89267eeca701da005872384dbc076284a79891429f894b66263f6bdf08,,383c6c7c7c747c28,-0.01494250511376736,mandatory: all images of this class included; subject_quota=244; scan_quota=61 (MR1/mpr-4); slice_region=130-139; norm_quality=0.605; pick_round=7,244,61,130-139,0.6045081967213115,False,16213,496,248,3,,42.680572509765625,45.79342651367188,0.0,253.0,0.6967026534859522,0.6115943678459937,238.65402221679688,45.79342651367188,,88,0.03125,0.3712121212121212,0.16280961803286484,0.6045081967213115,0.8175744761936437,0.5,2,88
oasis_subset\Moderate dementia\OAS1_0308_MR1_mpr-1_141.jpg,C:\Users\bhuva\OneDrive\Documents\AD_staging-main\data\oasis_subset\Moderate dementia\OAS1_0308_MR1_mpr-1_141.jpg,Moderate dementia,OAS1_0308_MR1_mpr-1_141.jpg,Moderate Demented,3,OAS1_0308,MR1,mpr-1,141,True,False,,0.4760027271495054,7febbc85e003ca62b4d946e204d0ca2ac354198375ef2b6721ccce4d0fd9bf8a,,38747e5c7c7e7438,-0.017583527991396126,mandatory: all images of this class included; subject_quota=244; scan_quota=61 (MR1/mpr-1); slice_region=140-149; norm_quality=0.355; pick_round=110,244,61,140-149,0.3545081967213114,False,15646,496,248,3,,42.4676513671875,44.55220031738281,0.0,253.0,0.7174167533818938,0.610439971383975,209.7522735595703,44.55220031738281,,89,0.030303030303030304,0.37228464419475654,0.1727187081968036,0.35450819672131145,0.6224593312018546,0.5,3,89
oasis_subset\Moderate dementia\OAS1_0351_MR1_mpr-3_121.jpg,C:\Users\bhuva\OneDrive\Documents\AD_staging-main\data\oasis_subset\Moderate dementia\OAS1_0351_MR1_mpr-3_121.jpg,Moderate dementia,OAS1_0351_MR1_mpr-3_121.jpg,Moderate Demented,3,OAS1_0351,MR1,mpr-3,121,True,False,,0.6632557437724858,478e6b65706039c51714bf5de13632b77d2513f0655decc1b58d99c0e7b26629,,184c6c7c7c7c6c3c,-0.03501376658357149,mandatory: all images of this class included; subject_quota=244; scan_quota=61 (MR1/mpr-3); slice_region=120-129; norm_quality=0.891; pick_round=83,244,61,120-129,0.8913934426229508,False,17508,496,248,3,,42.242584228515625,48.3741455078125,0.0,255.0,0.7438703173777316,0.5685239984391259,296.22039794921875,48.3741455078125,,90,0.017543859649122806,0.3352777777777778,0.14263411141507237,0.8913934426229508,0.8175744761936437,0.6,2,90
oasis_subset\Moderate dementia\OAS1_0351_MR1_mpr-1_128.jpg,C:\Users\bhuva\OneDrive\Documents\AD_staging-main\data\oasis_subset\Moderate dementia\OAS1_0351_MR1_mpr-1_128.jpg,Moderate dementia,OAS1_0351_MR1_mpr-1_128.jpg,Moderate Demented,3,OAS1_0351,MR1,mpr-1,128,True,False,,0.6322103252110132,c189703270e87f20c8081afcdf1b8a23c59ccd89a31155b1b70b2d6c9093bd14,,187c7c74786c6c3c,-0.05345379551277588,mandatory: all images of this class included; subject_quota=244; scan_quota=61 (MR1/mpr-1); slice_region=120-129; norm_quality=0.822; pick_round=142,244,61,120-129,0.8217213114754098,False,17166,496,248,3,,42.811744689941406,47.613677978515625,0.0,248.0,0.7198800078043704,0.5940914412070759,275.9785461425781,47.613677978515625,,91,0.017241379310344827,0.3461538461538462,0.1855846710051553,0.8217213114754098,0.9706877692486436,0.5,0,91
oasis_subset\Moderate dementia\OAS1_0351_MR1_mpr-4_119.jpg,C:\Users\bhuva\OneDrive\Documents\AD_staging-main\data\oasis_subset\Moderate dementia\OAS1_0351_MR1_mpr-4_119.jpg,Moderate dementia,OAS1_0351_MR1_mpr-4_119.jpg,Moderate Demented,3,OAS1_0351,MR1,mpr-4,119,True,False,,0.6383645951693969,908a87070f160e8fc28b43642b4cbdabb834f4f5828e0be3fcd23b4f72870da1,,184c6e7c787c6c3c,-0.05647360915420487,mandatory: all images of this class included; subject_quota=244; scan_quota=61 (MR1/mpr-4); slice_region=110-119; norm_quality=0.844; pick_round=40,244,61,110-119,0.8442622950819673,False,17519,496,248,3,,42.7318229675293,47.95128631591797,0.0,255.0,0.7459189646201873,0.5976359261186265,273.6133728027344,47.95128631591797,,92,0.01694915254237288,0.3472049689440994,0.1454312787722033,0.8442622950819673,0.8175744761936437,0.6,2,92
oasis_subset\Moderate dementia\OAS1_0351_MR1_mpr-3_109.jpg,C:\Users\bhuva\OneDrive\Documents\AD_staging-main\data\oasis_subset\Moderate dementia\OAS1_0351_MR1_mpr-3_109.jpg,Moderate dementia,OAS1_0351_MR1_mpr-3_109.jpg,Moderate Demented,3,OAS1_0351,MR1,mpr-3,109,True,False,,0.628820928663941,ddd92014081d9dc285f33d1a690ea2c2919e303ead149fe72831274844321903,,184c6e78787e7e3c,-0.0558268031951454,mandatory: all images of this class included; subject_quota=244; scan_quota=61 (MR1/mpr-3); slice_region=100-109; norm_quality=0.816; pick_round=115,244,61,100-109,0.8155737704918032,False,17034,496,248,3,,41.38546371459961,49.12983322143555,0.0,255.0,0.7203433922996878,0.5432329604578564,272.4676513671875,49.12983322143555,,93,0.016666666666666666,0.33206831119544594,0.18592367236005455,0.8155737704918032,0.8175744761936437,0.6,2,93
oasis_subset\Moderate dementia\OAS1_0308_MR1_mpr-3_103.jpg,C:\Users\bhuva\OneDrive\Documents\AD_staging-main\data\oasis_subset\Moderate dementia\OAS1_0308_MR1_mpr-3_103.jpg,Moderate dementia,OAS1_0308_MR1_mpr-3_103.jpg,Moderate Demented,3,OAS1_0308,MR1,mpr-3,103,True,False,,0.3435307090171782,d6c4aec48bae55065f8d88d9cb75d4df1bf6243d3e7fe17235c2eb8eb88f5328,,307c7878787c7c38,-0.06463735943274687,mandatory: all images of this class included; subject_quota=244; scan_quota=61 (MR1/mpr-3); slice_region=100-109; norm_quality=0.080; pick_round=205,244,61,100-109,0.0799180327868852,False,13808,496,248,3,,29.99411392211914,42.42439270019531,0.0,249.0,0.5601749479708636,0.4653762356919875,213.12109375,42.42439270019531,,94,0.029411764705882353,0.36028368794326243,0.1468526500893982,0.07991803278688525,0.3775406687981454,0.5,4,94
oasis_subset\Moderate dementia\OAS1_0308_MR1_mpr-4_108.jpg,C:\Users\bhuva\OneDrive\Documents\AD_staging-main\data\oasis_subset\Moderate dementia\OAS1_0308_MR1_mpr-4_108.jpg,Moderate dementia,OAS1_0308_MR1_mpr-4_108.jpg,Moderate Demented,3,OAS1_0308,MR1,mpr-4,108,True,False,,0.5306978261029179,6c1dfbf58a53e4b6be3cd1649768298106aa0c1db6cd275269a58d1af6892b75,,306c6c7c7c7c6c38,-0.11183774172106076,mandatory: all images of this class included; subject_quota=244; scan_quota=61 (MR1/mpr-4); slice_region=100-109; norm_quality=0.549; pick_round=11,244,61,100-109,0.5491803278688525,False,14758,496,248,3,,33.5952033996582,46.43860626220703,0.0,255.0,0.5784827003121749,0.4868301248699271,270.16552734375,46.43860626220703,,95,0.02857142857142857,0.3631578947368421,0.15297986522805987,0.5491803278688525,0.8175744761936437,0.5,2,95
oasis_subset\Moderate dementia\OAS1_0308_MR1_mpr-1_138.jpg,C:\Users\bhuva\OneDrive\Documents\AD_staging-main\data\oasis_subset\Moderate dementia\OAS1_0308_MR1_mpr-1_138.jpg,Moderate dementia,OAS1_0308_MR1_mpr-1_138.jpg,Moderate Demented,3,OAS1_0308,MR1,mpr-1,138,True,False,,0.5530655701179004,322f544676c3d651760d26be91e9ded0faf05b08910a5692b9101461410dfb5f,,18347e5c5c7e7c18,-0.19134122012686097,mandatory: all images of this class included; subject_quota=244; scan_quota=61 (MR1/mpr-1); slice_region=130-139; norm_quality=0.625; pick_round=46,244,61,130-139,0.625,False,16036,496,248,3,,43.400169372558594,46.03929138183594,0.0,255.0,0.7085555411030177,0.6045948231009365,241.84043884277344,46.03929138183594,,96,0.027777777777777776,0.3641666666666667,0.15020247108943835,0.625,0.8175744761936437,0.6,2,96
oasis_subset\Moderate dementia\OAS1_0308_MR1_mpr-3_109.jpg,C:\Users\bhuva\OneDrive\Documents\AD_staging-main\data\oasis_subset\Moderate dementia\OAS1_0308_MR1_mpr-3_109.jpg,Moderate dementia,OAS1_0308_MR1_mpr-3_109.jpg,Moderate Demented,3,OAS1_0308,MR1,mpr-3,109,True,False,,0.5211952390151418,0019a407c2e21f742d9d1e5c281d61781d453dab3a43592f043bf418e16d6c4f,,386c6c747c7c6c38,-0.20579397195224866,mandatory: all images of this class included; subject_quota=244; scan_quota=61 (MR1/mpr-3); slice_region=100-109; norm_quality=0.502; pick_round=69,244,61,100-109,0.5020491803278688,False,14479,496,248,3,,33.70267105102539,46.26988983154297,0.0,252.0,0.5980098855359001,0.4803102237252861,269.0202941894531,46.26988983154297,,97,0.02702702702702703,0.3527835051546392,0.13971406653983218,0.5020491803278688,0.8175744761936437,0.5,2,97
oasis_subset\Moderate dementia\OAS1_0308_MR1_mpr-2_113.jpg,C:\Users\bhuva\OneDrive\Documents\AD_staging-main\data\oasis_subset\Moderate dementia\OAS1_0308_MR1_mpr-2_113.jpg,Moderate dementia,OAS1_0308_MR1_mpr-2_113.jpg,Moderate Demented,3,OAS1_0308,MR1,mpr-2,113,True,False,,0.5323263325592593,a4585a2b1694e027a09dafd9b11e375540b098ee72b0431cb84c03495fb524c5,,386c7c74747c6c38,-0.22314893621532023,mandatory: all images of this class included; subject_quota=244; scan_quota=61 (MR1/mpr-2); slice_region=110-119; norm_quality=0.553; pick_round=8,244,61,110-119,0.5532786885245902,False,14639,496,248,3,,34.73261260986328,48.00587844848633,0.0,254.0,0.6032371878251821,0.4788143860561915,251.34011840820312,48.00587844848633,,98,0.02631578947368421,0.3852040816326531,0.17515091809341077,0.5532786885245902,0.9706877692486436,0.5,0,98
oasis_subset\Moderate dementia\OAS1_0308_MR1_mpr-2_140.jpg,C:\Users\bhuva\OneDrive\Documents\AD_staging-main\data\oasis_subset\Moderate dementia\OAS1_0308_MR1_mpr-2_140.jpg,Moderate dementia,OAS1_0308_MR1_mpr-2_140.jpg,Moderate Demented,3,OAS1_0308,MR1,mpr-2,140,True,False,,0.4962867504698163,5e0907538eed2560ab112dec4d7d5696ee200a76a12cb99aa72e9ee2127ffe6a,,38747e5c5c7c7418,-0.265266149590852,mandatory: all images of this class included; subject_quota=244; scan_quota=61 (MR1/mpr-2); slice_region=140-149; norm_quality=0.404; pick_round=76,244,61,140-149,0.4036885245901639,False,15870,496,248,3,,43.01285934448242,44.94832611083984,0.0,252.0,0.7134414021852237,0.6217806971904266,212.7404022216797,44.94832611083984,,99,0.02564102564102564,0.37373737373737376,0.14139723100853271,0.4036885245901639,0.8175744761936437,0.5,2,99
oasis_subset\Moderate dementia\OAS1_0308_MR1_mpr-1_160.jpg,C:\Users\bhuva\OneDrive\Documents\AD_staging-main\data\oasis_subset\Moderate dementia\OAS1_0308_MR1_mpr-1_160.jpg,Moderate dementia,OAS1_0308_MR1_mpr-1_160.jpg,Moderate Demented,3,OAS1_0308,MR1,mpr-1,160,True,False,,0.394995780842593,4401d145683e5ed9e2d489f087b3ec3cc12435a247f32e3ab08c1419fe09f10d,,303c7c6e6c7c7c30,-0.2750240828577774,mandatory: all images of this class included; subject_quota=244; scan_quota=61 (MR1/mpr-1); slice_region=150-160; norm_quality=0.178; pick_round=54,244,61,150-160,0.1782786885245901,False,14585,496,248,3,,40.21331024169922,43.2993392944336,0.0,243.0,0.7089376300728408,0.5919858870967742,181.70455932617188,43.2993392944336,,100,0.025,0.3585454545454546,0.30713046019379503,0.17827868852459017,0.8175744761936437,0.5,2,100
